state,fy,district_count,total_filed,discharged,dismissed,closed,dismiss_rate,prior_filers,prior_rate,prior_discharged,est_violations,pro_se,pro_se_rate,period_status,retrieved_at,source
AK,2008,1,121,51,43,94,45.7,12,9.9,3,1,8,6.6,mature,2026-04-19,fjc_query+rollup
AK,2009,1,153,70,60,130,46.2,13,8.5,5,2,10,6.5,mature,2026-04-19,fjc_query+rollup
AK,2010,1,195,94,70,164,42.7,25,12.8,7,3,21,10.8,mature,2026-04-19,fjc_query+rollup
AK,2011,1,155,60,66,126,52.4,11,7.1,4,2,13,8.4,mature,2026-04-19,fjc_query+rollup
AK,2012,1,138,67,52,119,43.7,23,16.7,6,3,19,13.8,mature,2026-04-19,fjc_query+rollup
AK,2013,1,104,44,46,90,51.1,24,23.1,4,2,14,13.5,mature,2026-04-19,fjc_query+rollup
AK,2014,1,70,24,34,58,58.6,11,15.7,3,1,14,20.0,mature,2026-04-19,fjc_query+rollup
AK,2015,1,80,31,39,70,55.7,17,21.2,4,2,18,22.5,mature,2026-04-19,fjc_query+rollup
AK,2016,1,58,14,38,52,73.1,11,19.0,1,0,11,19.0,mature,2026-04-19,fjc_query+rollup
AK,2017,1,84,27,49,76,64.5,22,26.2,7,3,27,32.1,mature,2026-04-19,fjc_query+rollup
AK,2018,1,93,28,50,78,64.1,19,20.4,6,3,29,31.2,mature,2026-04-19,fjc_query+rollup
AK,2019,1,88,24,51,75,68.0,19,21.6,3,1,29,33.0,mature,2026-04-19,fjc_query+rollup
AK,2020,1,46,18,23,41,56.1,7,15.2,0,0,11,23.9,partial_covid,2026-04-19,fjc_query+rollup
AK,2021,1,29,7,11,18,,4,13.8,1,0,9,31.0,censored,2026-04-19,fjc_query+rollup
AK,2022,1,34,4,17,21,81.0,4,11.8,0,0,10,29.4,censored,2026-04-19,fjc_query+rollup
AK,2023,1,53,0,31,31,100.0,10,18.9,0,0,22,41.5,censored,2026-04-19,fjc_query+rollup
AK,2024,1,54,1,25,26,96.2,7,13.0,0,0,18,33.3,censored,2026-04-19,fjc_query+rollup
AL,2008,3,17040,6338,8758,15096,58.0,5468,32.1,1533,659,131,0.8,mature,2026-04-19,fjc_query+rollup
AL,2009,3,20255,8869,9260,18129,51.1,6316,31.2,2172,934,165,0.8,mature,2026-04-19,fjc_query+rollup
AL,2010,3,19314,8739,8694,17433,49.9,6332,32.8,2270,976,230,1.2,mature,2026-04-19,fjc_query+rollup
AL,2011,3,18355,7936,8633,16569,52.1,5962,32.5,2023,870,257,1.4,mature,2026-04-19,fjc_query+rollup
AL,2012,3,17390,7144,8497,15641,54.3,5888,33.9,1873,805,227,1.3,mature,2026-04-19,fjc_query+rollup
AL,2013,3,17117,7094,8278,15372,53.9,6361,37.2,2052,882,210,1.2,mature,2026-04-19,fjc_query+rollup
AL,2014,3,15702,6520,7598,14118,53.8,5945,37.9,1934,832,195,1.2,mature,2026-04-19,fjc_query+rollup
AL,2015,3,16066,6614,7820,14434,54.2,5998,37.3,1930,830,254,1.6,mature,2026-04-19,fjc_query+rollup
AL,2016,3,16349,6928,7863,14791,53.2,6005,36.7,2023,870,222,1.4,mature,2026-04-19,fjc_query+rollup
AL,2017,3,17088,7376,8087,15463,52.3,6288,36.8,2181,938,275,1.6,mature,2026-04-19,fjc_query+rollup
AL,2018,3,16830,7505,7743,15248,50.8,6124,36.4,2217,953,270,1.6,mature,2026-04-19,fjc_query+rollup
AL,2019,3,17195,7639,7741,15380,50.3,6478,37.7,2273,977,273,1.6,mature,2026-04-19,fjc_query+rollup
AL,2020,3,12583,5309,5392,10701,50.4,4776,38.0,1603,689,154,1.2,partial_covid,2026-04-19,fjc_query+rollup
AL,2021,3,9079,1492,4035,5527,73.0,3902,43.0,564,243,68,0.7,censored,2026-04-19,fjc_query+rollup
AL,2022,3,11850,883,4862,5745,84.6,4473,37.7,294,126,120,1.0,censored,2026-04-19,fjc_query+rollup
AL,2023,3,13166,252,4770,5022,95.0,4912,37.3,92,40,140,1.1,censored,2026-04-19,fjc_query+rollup
AL,2024,3,14309,130,3632,3762,96.5,5297,37.0,42,18,182,1.3,censored,2026-04-19,fjc_query+rollup
AR,2008,2,6242,2499,2945,5444,54.1,2444,39.2,779,335,61,1.0,mature,2026-04-19,fjc_query+rollup
AR,2009,2,7213,3186,3200,6386,50.1,2818,39.1,994,427,63,0.9,mature,2026-04-19,fjc_query+rollup
AR,2010,2,7293,3288,3198,6486,49.3,2962,40.6,1101,473,58,0.8,mature,2026-04-19,fjc_query+rollup
AR,2011,2,6836,3015,3036,6051,50.2,2795,40.9,1020,439,39,0.6,mature,2026-04-19,fjc_query+rollup
AR,2012,2,5985,2393,2907,5300,54.8,2479,41.4,766,329,31,0.5,mature,2026-04-19,fjc_query+rollup
AR,2013,2,6311,2420,3224,5644,57.1,2630,41.7,811,349,58,0.9,mature,2026-04-19,fjc_query+rollup
AR,2014,2,5800,2089,3081,5170,59.6,2506,43.2,753,324,59,1.0,mature,2026-04-19,fjc_query+rollup
AR,2015,2,5305,1828,2893,4721,61.3,2404,45.3,665,286,62,1.2,mature,2026-04-19,fjc_query+rollup
AR,2016,2,5495,1868,3038,4906,61.9,2368,43.1,658,283,84,1.5,mature,2026-04-19,fjc_query+rollup
AR,2017,2,5400,1932,2885,4817,59.9,2448,45.3,687,295,67,1.2,mature,2026-04-19,fjc_query+rollup
AR,2018,2,5356,1934,2833,4767,59.4,2321,43.3,620,267,112,2.1,mature,2026-04-19,fjc_query+rollup
AR,2019,2,5458,1964,2871,4835,59.4,2314,42.4,613,264,98,1.8,mature,2026-04-19,fjc_query+rollup
AR,2020,2,4028,1490,1947,3437,56.6,1739,43.2,470,202,67,1.7,partial_covid,2026-04-19,fjc_query+rollup
AR,2021,2,2537,463,1234,1697,72.7,1135,44.7,149,64,20,0.8,censored,2026-04-19,fjc_query+rollup
AR,2022,2,3121,280,1570,1850,84.9,1297,41.6,78,34,45,1.4,censored,2026-04-19,fjc_query+rollup
AR,2023,2,3577,124,1605,1729,92.8,1399,39.1,42,18,65,1.8,censored,2026-04-19,fjc_query+rollup
AR,2024,2,3906,122,1226,1348,90.9,1400,35.8,35,15,75,1.9,censored,2026-04-19,fjc_query+rollup
AZ,2008,1,3271,965,1675,2640,63.4,608,18.6,135,58,637,19.5,mature,2026-04-19,fjc_query+rollup
AZ,2009,1,4918,2136,1708,3844,44.4,673,13.7,198,85,766,15.6,mature,2026-04-19,fjc_query+rollup
AZ,2010,1,6622,3123,2168,5291,41.0,788,11.9,286,123,1037,15.7,mature,2026-04-19,fjc_query+rollup
AZ,2011,1,5587,2629,2058,4687,43.9,773,13.8,230,99,877,15.7,mature,2026-04-19,fjc_query+rollup
AZ,2012,1,3872,1706,1562,3268,47.8,644,16.6,153,66,622,16.1,mature,2026-04-19,fjc_query+rollup
AZ,2013,1,3447,1550,1452,3002,48.4,707,20.5,156,67,501,14.5,mature,2026-04-19,fjc_query+rollup
AZ,2014,1,2574,1120,1159,2279,50.9,654,25.4,144,62,400,15.5,mature,2026-04-19,fjc_query+rollup
AZ,2015,1,2343,886,1204,2090,57.6,828,35.3,185,80,397,16.9,mature,2026-04-19,fjc_query+rollup
AZ,2016,1,2546,984,1313,2297,57.2,914,35.9,224,96,505,19.8,mature,2026-04-19,fjc_query+rollup
AZ,2017,1,2777,1141,1389,2530,54.9,1031,37.1,281,121,466,16.8,mature,2026-04-19,fjc_query+rollup
AZ,2018,1,2981,1157,1565,2722,57.5,1092,36.6,288,124,518,17.4,mature,2026-04-19,fjc_query+rollup
AZ,2019,1,3143,1146,1727,2873,60.1,1138,36.2,273,117,623,19.8,mature,2026-04-19,fjc_query+rollup
AZ,2020,1,2253,881,1134,2015,56.3,828,36.8,227,98,381,16.9,partial_covid,2026-04-19,fjc_query+rollup
AZ,2021,1,1408,255,673,928,72.5,483,34.3,55,24,144,10.2,censored,2026-04-19,fjc_query+rollup
AZ,2022,1,1486,140,725,865,83.8,501,33.7,28,12,177,11.9,censored,2026-04-19,fjc_query+rollup
AZ,2023,1,1581,36,713,749,95.2,552,34.9,13,6,193,12.2,censored,2026-04-19,fjc_query+rollup
AZ,2024,1,1967,37,702,739,95.0,653,33.2,14,6,282,14.3,censored,2026-04-19,fjc_query+rollup
CA,2008,4,26761,5785,18443,24228,76.1,6326,23.6,816,351,8022,30.0,mature,2026-04-19,fjc_query+rollup
CA,2009,4,39647,12019,24089,36108,66.7,8303,20.9,1321,568,12748,32.2,mature,2026-04-19,fjc_query+rollup
CA,2010,4,56003,18216,33311,51527,64.6,11045,19.7,1709,735,18523,33.1,mature,2026-04-19,fjc_query+rollup
CA,2011,4,60195,18244,37495,55739,67.3,14169,23.5,1959,842,21729,36.1,mature,2026-04-19,fjc_query+rollup
CA,2012,4,46302,13510,29719,43229,68.7,13022,28.1,1836,789,16065,34.7,mature,2026-04-19,fjc_query+rollup
CA,2013,4,31916,9783,20259,30042,67.4,10862,34.0,1589,683,9418,29.5,mature,2026-04-19,fjc_query+rollup
CA,2014,4,22681,7497,13707,21204,64.6,9331,41.1,1583,681,5801,25.6,mature,2026-04-19,fjc_query+rollup
CA,2015,4,21042,6372,13313,19685,67.6,9270,44.1,1480,636,5684,27.0,mature,2026-04-19,fjc_query+rollup
CA,2016,4,20647,5866,13593,19459,69.9,9493,46.0,1546,665,6100,29.5,mature,2026-04-19,fjc_query+rollup
CA,2017,4,19265,5807,12344,18151,68.0,9178,47.6,1622,697,5270,27.4,mature,2026-04-19,fjc_query+rollup
CA,2018,4,17027,5440,10502,15942,65.9,7602,44.6,1403,603,4018,23.6,mature,2026-04-19,fjc_query+rollup
CA,2019,4,16283,5062,9890,14952,66.1,6771,41.6,1244,535,3546,21.8,mature,2026-04-19,fjc_query+rollup
CA,2020,4,10348,3216,5933,9149,64.8,4058,39.2,731,314,1836,17.7,partial_covid,2026-04-19,fjc_query+rollup
CA,2021,4,5327,1088,2658,3746,71.0,2015,37.8,266,114,754,14.2,censored,2026-04-19,fjc_query+rollup
CA,2022,4,6075,641,3541,4182,84.7,2463,40.5,181,78,1428,23.5,censored,2026-04-19,fjc_query+rollup
CA,2023,4,7431,324,4199,4523,92.8,2600,35.0,80,34,2002,26.9,censored,2026-04-19,fjc_query+rollup
CA,2024,4,8657,189,4140,4329,95.6,2982,34.4,52,22,2236,25.8,censored,2026-04-19,fjc_query+rollup
CO,2008,1,2836,1397,1022,2419,42.2,891,31.4,380,163,116,4.1,mature,2026-04-19,fjc_query+rollup
CO,2009,1,3850,2224,1147,3371,34.0,1192,31.0,625,269,141,3.7,mature,2026-04-19,fjc_query+rollup
CO,2010,1,5097,3144,1402,4546,30.8,1414,27.7,706,304,203,4.0,mature,2026-04-19,fjc_query+rollup
CO,2011,1,5081,3035,1567,4602,34.1,1381,27.2,663,285,275,5.4,mature,2026-04-19,fjc_query+rollup
CO,2012,1,4619,2470,1727,4197,41.1,1377,29.8,565,243,292,6.3,mature,2026-04-19,fjc_query+rollup
CO,2013,1,3867,1864,1709,3573,47.8,1337,34.6,479,206,309,8.0,mature,2026-04-19,fjc_query+rollup
CO,2014,1,2767,1402,1139,2541,44.8,967,34.9,355,153,176,6.4,mature,2026-04-19,fjc_query+rollup
CO,2015,1,2723,1275,1231,2506,49.1,965,35.4,336,144,197,7.2,mature,2026-04-19,fjc_query+rollup
CO,2016,1,2646,1148,1309,2457,53.3,982,37.1,337,145,213,8.0,mature,2026-04-19,fjc_query+rollup
CO,2017,1,2705,1231,1299,2530,51.3,1044,38.6,354,152,196,7.2,mature,2026-04-19,fjc_query+rollup
CO,2018,1,2531,1199,1156,2355,49.1,947,37.4,367,158,221,8.7,mature,2026-04-19,fjc_query+rollup
CO,2019,1,2506,1109,1208,2317,52.1,958,38.2,369,159,240,9.6,mature,2026-04-19,fjc_query+rollup
CO,2020,1,1898,854,872,1726,50.5,686,36.1,222,95,174,9.2,partial_covid,2026-04-19,fjc_query+rollup
CO,2021,1,1214,274,525,799,65.7,388,32.0,80,34,41,3.4,censored,2026-04-19,fjc_query+rollup
CO,2022,1,1229,138,624,762,81.9,390,31.7,40,17,109,8.9,censored,2026-04-19,fjc_query+rollup
CO,2023,1,1336,28,645,673,95.8,485,36.3,7,3,158,11.8,censored,2026-04-19,fjc_query+rollup
CO,2024,1,1501,13,561,574,97.7,525,35.0,7,3,192,12.8,censored,2026-04-19,fjc_query+rollup
CT,2008,1,1677,157,1309,1466,89.3,546,32.6,36,15,333,19.9,mature,2026-04-19,fjc_query+rollup
CT,2009,1,1141,169,844,1013,83.3,416,36.5,38,16,232,20.3,mature,2026-04-19,fjc_query+rollup
CT,2010,1,1101,207,726,933,77.8,368,33.4,22,9,189,17.2,mature,2026-04-19,fjc_query+rollup
CT,2011,1,917,229,544,773,70.4,271,29.6,24,10,117,12.8,mature,2026-04-19,fjc_query+rollup
CT,2012,1,972,240,610,850,71.8,256,26.3,38,16,145,14.9,mature,2026-04-19,fjc_query+rollup
CT,2013,1,946,206,624,830,75.2,364,38.5,46,20,135,14.3,mature,2026-04-19,fjc_query+rollup
CT,2014,1,1050,206,730,936,78.0,404,38.5,45,19,191,18.2,mature,2026-04-19,fjc_query+rollup
CT,2015,1,1082,192,783,975,80.3,441,40.8,43,18,197,18.2,mature,2026-04-19,fjc_query+rollup
CT,2016,1,1109,193,840,1033,81.3,500,45.1,28,12,249,22.5,mature,2026-04-19,fjc_query+rollup
CT,2017,1,1098,222,804,1026,78.4,506,46.1,37,16,241,21.9,mature,2026-04-19,fjc_query+rollup
CT,2018,1,1117,252,785,1037,75.7,490,43.9,60,26,262,23.5,mature,2026-04-19,fjc_query+rollup
CT,2019,1,1170,269,805,1074,75.0,518,44.3,61,26,254,21.7,mature,2026-04-19,fjc_query+rollup
CT,2020,1,660,150,430,580,74.1,281,42.6,25,11,115,17.4,partial_covid,2026-04-19,fjc_query+rollup
CT,2021,1,384,39,228,267,85.4,154,40.1,7,3,48,12.5,censored,2026-04-19,fjc_query+rollup
CT,2022,1,508,16,320,336,95.2,208,40.9,3,1,103,20.3,censored,2026-04-19,fjc_query+rollup
CT,2023,1,612,11,394,405,97.3,246,40.2,3,1,147,24.0,censored,2026-04-19,fjc_query+rollup
CT,2024,1,563,8,320,328,97.6,250,44.4,1,0,155,27.5,censored,2026-04-19,fjc_query+rollup
DC,2008,1,383,58,265,323,82.0,107,27.9,9,4,150,39.2,mature,2026-04-19,fjc_query+rollup
DC,2009,1,342,70,223,293,76.1,80,23.4,19,8,120,35.1,mature,2026-04-19,fjc_query+rollup
DC,2010,1,357,76,220,296,74.3,66,18.5,9,4,97,27.2,mature,2026-04-19,fjc_query+rollup
DC,2011,1,190,59,100,159,62.9,43,22.6,10,4,36,18.9,mature,2026-04-19,fjc_query+rollup
DC,2012,1,116,58,44,102,43.1,27,23.3,8,3,20,17.2,mature,2026-04-19,fjc_query+rollup
DC,2013,1,121,50,57,107,53.3,30,24.8,7,3,21,17.4,mature,2026-04-19,fjc_query+rollup
DC,2014,1,106,28,66,94,70.2,38,35.8,6,3,30,28.3,mature,2026-04-19,fjc_query+rollup
DC,2015,1,121,44,62,106,58.5,41,33.9,9,4,26,21.5,mature,2026-04-19,fjc_query+rollup
DC,2016,1,128,30,84,114,73.7,47,36.7,7,3,40,31.2,mature,2026-04-19,fjc_query+rollup
DC,2017,1,217,52,152,204,74.5,69,31.8,5,2,71,32.7,mature,2026-04-19,fjc_query+rollup
DC,2018,1,274,45,212,257,82.5,112,40.9,12,5,96,35.0,mature,2026-04-19,fjc_query+rollup
DC,2019,1,269,47,198,245,80.8,114,42.4,10,4,112,41.6,mature,2026-04-19,fjc_query+rollup
DC,2020,1,142,28,100,128,78.1,68,47.9,6,3,53,37.3,partial_covid,2026-04-19,fjc_query+rollup
DC,2021,1,36,7,13,20,65.0,15,41.7,0,0,3,8.3,censored,2026-04-19,fjc_query+rollup
DC,2022,1,42,3,16,19,,11,26.2,1,0,8,19.0,censored,2026-04-19,fjc_query+rollup
DC,2023,1,72,0,36,36,100.0,32,44.4,0,0,21,29.2,censored,2026-04-19,fjc_query+rollup
DC,2024,1,105,0,62,62,100.0,45,42.9,0,0,34,32.4,censored,2026-04-19,fjc_query+rollup
DE,2008,1,817,319,399,718,55.6,165,20.2,42,18,130,15.9,mature,2026-04-19,fjc_query+rollup
DE,2009,1,807,394,314,708,44.4,205,25.4,77,33,72,8.9,mature,2026-04-19,fjc_query+rollup
DE,2010,1,847,479,268,747,35.9,160,18.9,69,30,89,10.5,mature,2026-04-19,fjc_query+rollup
DE,2011,1,1103,564,426,990,43.0,187,17.0,54,23,140,12.7,mature,2026-04-19,fjc_query+rollup
DE,2012,1,944,477,383,860,44.5,192,20.3,67,29,120,12.7,mature,2026-04-19,fjc_query+rollup
DE,2013,1,724,372,284,656,43.3,169,23.3,57,25,79,10.9,mature,2026-04-19,fjc_query+rollup
DE,2014,1,744,345,358,703,50.9,194,26.1,53,23,114,15.3,mature,2026-04-19,fjc_query+rollup
DE,2015,1,693,328,314,642,48.9,200,28.9,66,28,63,9.1,mature,2026-04-19,fjc_query+rollup
DE,2016,1,731,346,338,684,49.4,224,30.6,68,29,92,12.6,mature,2026-04-19,fjc_query+rollup
DE,2017,1,898,367,478,845,56.6,337,37.5,102,44,128,14.3,mature,2026-04-19,fjc_query+rollup
DE,2018,1,963,410,448,858,52.2,351,36.4,108,46,134,13.9,mature,2026-04-19,fjc_query+rollup
DE,2019,1,902,373,393,766,51.3,284,31.5,86,37,124,13.7,mature,2026-04-19,fjc_query+rollup
DE,2020,1,542,178,212,390,54.4,170,31.4,44,19,46,8.5,partial_covid,2026-04-19,fjc_query+rollup
DE,2021,1,292,36,102,138,73.9,104,35.6,10,4,20,6.8,censored,2026-04-19,fjc_query+rollup
DE,2022,1,396,27,174,201,86.6,151,38.1,8,3,53,13.4,censored,2026-04-19,fjc_query+rollup
DE,2023,1,460,26,169,195,86.7,138,30.0,9,4,60,13.0,censored,2026-04-19,fjc_query+rollup
DE,2024,1,541,5,175,180,97.2,170,31.4,2,1,98,18.1,censored,2026-04-19,fjc_query+rollup
FL,2008,3,18269,6250,10163,16413,61.9,3754,20.5,683,294,2074,11.4,mature,2026-04-19,fjc_query+rollup
FL,2009,3,22254,11132,9234,20366,45.3,3572,16.1,991,426,2488,11.2,mature,2026-04-19,fjc_query+rollup
FL,2010,3,26638,13793,10871,24664,44.1,4029,15.1,1116,480,4001,15.0,mature,2026-04-19,fjc_query+rollup
FL,2011,3,23780,12818,9421,22239,42.4,3625,15.2,1017,437,3147,13.2,mature,2026-04-19,fjc_query+rollup
FL,2012,3,21958,10803,9615,20418,47.1,4152,18.9,991,426,3625,16.5,mature,2026-04-19,fjc_query+rollup
FL,2013,3,22071,9514,11121,20635,53.9,4746,21.5,1045,449,4078,18.5,mature,2026-04-19,fjc_query+rollup
FL,2014,3,23435,8851,13397,22248,60.2,6356,27.1,1212,521,4601,19.6,mature,2026-04-19,fjc_query+rollup
FL,2015,3,20671,7264,12537,19801,63.3,6682,32.3,1138,489,4386,21.2,mature,2026-04-19,fjc_query+rollup
FL,2016,3,17619,6172,10718,16890,63.5,6081,34.5,997,429,3405,19.3,mature,2026-04-19,fjc_query+rollup
FL,2017,3,15399,5671,9039,14710,61.4,5296,34.4,980,421,2601,16.9,mature,2026-04-19,fjc_query+rollup
FL,2018,3,13857,5174,8036,13210,60.8,4828,34.8,937,403,2075,15.0,mature,2026-04-19,fjc_query+rollup
FL,2019,3,15012,5443,8572,14015,61.2,4793,31.9,899,387,2133,14.2,mature,2026-04-19,fjc_query+rollup
FL,2020,3,10754,4065,5492,9557,57.5,3129,29.1,653,281,1103,10.3,partial_covid,2026-04-19,fjc_query+rollup
FL,2021,3,8167,1690,3872,5562,69.6,2251,27.6,254,109,544,6.7,censored,2026-04-19,fjc_query+rollup
FL,2022,3,9139,960,4980,5940,83.8,2918,31.9,145,62,1075,11.8,censored,2026-04-19,fjc_query+rollup
FL,2023,3,9491,275,4839,5114,94.6,2701,28.5,56,24,1085,11.4,censored,2026-04-19,fjc_query+rollup
FL,2024,3,11585,161,4797,4958,96.8,3004,25.9,33,14,1160,10.0,censored,2026-04-19,fjc_query+rollup
GA,2008,3,31447,10593,17156,27749,61.8,11057,35.2,2771,1192,1887,6.0,mature,2026-04-19,fjc_query+rollup
GA,2009,3,34068,13350,17034,30384,56.1,11483,33.7,3310,1423,1963,5.8,mature,2026-04-19,fjc_query+rollup
GA,2010,3,35121,14080,17536,31616,55.5,11546,32.9,3430,1475,2572,7.3,mature,2026-04-19,fjc_query+rollup
GA,2011,3,36629,13579,19806,33385,59.3,13258,36.2,3593,1545,4219,11.5,mature,2026-04-19,fjc_query+rollup
GA,2012,3,33388,12211,18342,30553,60.0,12747,38.2,3305,1421,3515,10.5,mature,2026-04-19,fjc_query+rollup
GA,2013,3,30491,10898,17083,27981,61.1,12328,40.4,3176,1366,2372,7.8,mature,2026-04-19,fjc_query+rollup
GA,2014,3,27995,10055,15682,25737,60.9,11315,40.4,2896,1245,1963,7.0,mature,2026-04-19,fjc_query+rollup
GA,2015,3,28069,9633,16439,26072,63.1,11886,42.3,2883,1240,2043,7.3,mature,2026-04-19,fjc_query+rollup
GA,2016,3,26904,9049,16108,25157,64.0,11610,43.2,2737,1177,1945,7.2,mature,2026-04-19,fjc_query+rollup
GA,2017,3,26030,9266,15272,24538,62.2,11400,43.8,2850,1226,2073,8.0,mature,2026-04-19,fjc_query+rollup
GA,2018,3,25586,9152,15038,24190,62.2,11122,43.5,2815,1210,1958,7.7,mature,2026-04-19,fjc_query+rollup
GA,2019,3,24971,9114,14460,23574,61.3,10884,43.6,2770,1191,1732,6.9,mature,2026-04-19,fjc_query+rollup
GA,2020,3,16908,6211,9445,15656,60.3,7472,44.2,1915,823,903,5.3,partial_covid,2026-04-19,fjc_query+rollup
GA,2021,3,10676,2072,6040,8112,74.5,4783,44.8,665,286,296,2.8,censored,2026-04-19,fjc_query+rollup
GA,2022,3,13769,973,8242,9215,89.4,6076,44.1,307,132,599,4.4,censored,2026-04-19,fjc_query+rollup
GA,2023,3,16378,298,9146,9444,96.8,6924,42.3,94,40,895,5.5,censored,2026-04-19,fjc_query+rollup
GA,2024,3,16710,132,7519,7651,98.3,6810,40.8,36,15,1309,7.8,censored,2026-04-19,fjc_query+rollup
GU,2008,1,21,8,13,21,61.9,5,23.8,1,0,0,0.0,mature,2026-04-19,fjc_query+rollup
GU,2009,1,25,12,10,22,45.5,0,0.0,0,0,0,0.0,mature,2026-04-19,fjc_query+rollup
GU,2010,1,33,23,9,32,28.1,3,9.1,0,0,0,0.0,mature,2026-04-19,fjc_query+rollup
GU,2011,1,27,18,6,24,25.0,0,0.0,0,0,0,0.0,mature,2026-04-19,fjc_query+rollup
GU,2012,1,34,18,14,32,43.8,2,5.9,0,0,0,0.0,mature,2026-04-19,fjc_query+rollup
GU,2013,1,25,12,13,25,52.0,1,4.0,0,0,0,0.0,mature,2026-04-19,fjc_query+rollup
GU,2014,1,32,16,10,26,38.5,5,15.6,0,0,0,0.0,mature,2026-04-19,fjc_query+rollup
GU,2015,1,26,16,10,26,38.5,4,15.4,1,0,0,0.0,mature,2026-04-19,fjc_query+rollup
GU,2016,1,29,14,13,27,48.1,3,10.3,2,1,1,3.4,mature,2026-04-19,fjc_query+rollup
GU,2017,1,40,26,13,39,33.3,9,22.5,5,2,1,2.5,mature,2026-04-19,fjc_query+rollup
GU,2018,1,23,12,9,21,42.9,3,13.0,1,0,1,4.3,mature,2026-04-19,fjc_query+rollup
GU,2019,1,31,17,11,28,39.3,0,0.0,0,0,0,0.0,mature,2026-04-19,fjc_query+rollup
GU,2020,1,14,8,5,13,,2,14.3,1,0,3,21.4,partial_covid,2026-04-19,fjc_query+rollup
GU,2021,1,11,3,8,11,,5,45.5,2,1,1,9.1,censored,2026-04-19,fjc_query+rollup
GU,2022,1,11,2,3,5,,3,27.3,0,0,1,9.1,censored,2026-04-19,fjc_query+rollup
GU,2023,1,6,1,1,2,,1,16.7,0,0,0,0.0,censored,2026-04-19,fjc_query+rollup
GU,2024,1,8,0,1,1,,0,0.0,0,0,0,0.0,censored,2026-04-19,fjc_query+rollup
HI,2008,1,376,154,166,320,51.9,54,14.4,21,9,33,8.8,mature,2026-04-19,fjc_query+rollup
HI,2009,1,538,273,182,455,40.0,93,17.3,47,20,37,6.9,mature,2026-04-19,fjc_query+rollup
HI,2010,1,728,406,256,662,38.7,92,12.6,47,20,50,6.9,mature,2026-04-19,fjc_query+rollup
HI,2011,1,795,455,277,732,37.8,75,9.4,31,13,66,8.3,mature,2026-04-19,fjc_query+rollup
HI,2012,1,610,381,187,568,32.9,87,14.3,43,18,28,4.6,mature,2026-04-19,fjc_query+rollup
HI,2013,1,578,322,218,540,40.4,91,15.7,36,15,23,4.0,mature,2026-04-19,fjc_query+rollup
HI,2014,1,516,295,197,492,40.0,88,17.1,36,15,23,4.5,mature,2026-04-19,fjc_query+rollup
HI,2015,1,445,234,180,414,43.5,91,20.4,33,14,25,5.6,mature,2026-04-19,fjc_query+rollup
HI,2016,1,457,209,223,432,51.6,116,25.4,27,12,32,7.0,mature,2026-04-19,fjc_query+rollup
HI,2017,1,463,239,201,440,45.7,116,25.1,48,21,32,6.9,mature,2026-04-19,fjc_query+rollup
HI,2018,1,489,273,170,443,38.4,111,22.7,41,18,21,4.3,mature,2026-04-19,fjc_query+rollup
HI,2019,1,521,264,191,455,42.0,113,21.7,39,17,26,5.0,mature,2026-04-19,fjc_query+rollup
HI,2020,1,423,245,129,374,34.5,77,18.2,29,12,14,3.3,partial_covid,2026-04-19,fjc_query+rollup
HI,2021,1,330,111,82,193,42.5,51,15.5,15,6,6,1.8,censored,2026-04-19,fjc_query+rollup
HI,2022,1,327,73,110,183,60.1,65,19.9,11,5,13,4.0,censored,2026-04-19,fjc_query+rollup
HI,2023,1,362,20,107,127,84.3,65,18.0,4,2,9,2.5,censored,2026-04-19,fjc_query+rollup
HI,2024,1,425,4,83,87,95.4,67,15.8,3,1,10,2.4,censored,2026-04-19,fjc_query+rollup
IA,2008,2,692,263,287,550,52.2,187,27.0,69,30,20,2.9,mature,2026-04-19,fjc_query+rollup
IA,2009,2,791,377,265,642,41.3,210,26.5,79,34,19,2.4,mature,2026-04-19,fjc_query+rollup
IA,2010,2,804,378,291,669,43.5,236,29.4,80,34,20,2.5,mature,2026-04-19,fjc_query+rollup
IA,2011,2,710,315,242,557,43.4,168,23.7,53,23,24,3.4,mature,2026-04-19,fjc_query+rollup
IA,2012,2,600,253,248,501,49.5,143,23.8,39,17,31,5.2,mature,2026-04-19,fjc_query+rollup
IA,2013,2,510,209,216,425,50.8,112,22.0,29,12,37,7.3,mature,2026-04-19,fjc_query+rollup
IA,2014,2,445,190,193,383,50.4,102,22.9,36,15,38,8.5,mature,2026-04-19,fjc_query+rollup
IA,2015,2,419,186,169,355,47.6,102,24.3,34,15,40,9.5,mature,2026-04-19,fjc_query+rollup
IA,2016,2,501,191,254,445,57.1,150,29.9,49,21,59,11.8,mature,2026-04-19,fjc_query+rollup
IA,2017,2,471,195,228,423,53.9,158,33.5,44,19,82,17.4,mature,2026-04-19,fjc_query+rollup
IA,2018,2,516,225,229,454,50.4,194,37.6,76,33,63,12.2,mature,2026-04-19,fjc_query+rollup
IA,2019,2,571,249,239,488,49.0,197,34.5,72,31,102,17.9,mature,2026-04-19,fjc_query+rollup
IA,2020,2,473,224,177,401,44.1,157,33.2,59,25,71,15.0,partial_covid,2026-04-19,fjc_query+rollup
IA,2021,2,249,47,82,129,63.6,87,34.9,16,7,28,11.2,censored,2026-04-19,fjc_query+rollup
IA,2022,2,317,35,145,180,80.6,116,36.6,13,6,77,24.3,censored,2026-04-19,fjc_query+rollup
IA,2023,2,467,17,192,209,91.9,160,34.3,4,2,101,21.6,censored,2026-04-19,fjc_query+rollup
IA,2024,2,474,4,162,166,97.6,146,30.8,1,0,85,17.9,censored,2026-04-19,fjc_query+rollup
ID,2008,1,815,316,381,697,54.7,356,43.7,130,56,37,4.5,mature,2026-04-19,fjc_query+rollup
ID,2009,1,841,313,433,746,58.0,388,46.1,140,60,47,5.6,mature,2026-04-19,fjc_query+rollup
ID,2010,1,961,377,474,851,55.7,399,41.5,143,61,36,3.7,mature,2026-04-19,fjc_query+rollup
ID,2011,1,901,374,441,815,54.1,313,34.7,116,50,74,8.2,mature,2026-04-19,fjc_query+rollup
ID,2012,1,736,286,371,657,56.5,266,36.1,79,34,44,6.0,mature,2026-04-19,fjc_query+rollup
ID,2013,1,512,199,266,465,57.2,189,36.9,56,24,45,8.8,mature,2026-04-19,fjc_query+rollup
ID,2014,1,463,183,237,420,56.4,248,53.6,83,36,54,11.7,mature,2026-04-19,fjc_query+rollup
ID,2015,1,434,157,248,405,61.2,237,54.6,63,27,50,11.5,mature,2026-04-19,fjc_query+rollup
ID,2016,1,429,149,252,401,62.8,243,56.6,66,28,42,9.8,mature,2026-04-19,fjc_query+rollup
ID,2017,1,430,179,218,397,54.9,240,55.8,92,40,48,11.2,mature,2026-04-19,fjc_query+rollup
ID,2018,1,403,145,220,365,60.3,231,57.3,75,32,39,9.7,mature,2026-04-19,fjc_query+rollup
ID,2019,1,364,140,201,341,58.9,206,56.6,73,31,49,13.5,mature,2026-04-19,fjc_query+rollup
ID,2020,1,286,120,135,255,52.9,155,54.2,53,23,29,10.1,partial_covid,2026-04-19,fjc_query+rollup
ID,2021,1,183,58,72,130,55.4,98,53.6,25,11,7,3.8,censored,2026-04-19,fjc_query+rollup
ID,2022,1,170,36,84,120,70.0,99,58.2,18,8,15,8.8,censored,2026-04-19,fjc_query+rollup
ID,2023,1,193,10,96,106,90.6,89,46.1,3,1,21,10.9,censored,2026-04-19,fjc_query+rollup
ID,2024,1,250,4,89,93,95.7,104,41.6,1,0,29,11.6,censored,2026-04-19,fjc_query+rollup
IL,2008,3,16367,5423,8572,13995,61.3,6102,37.3,1662,715,659,4.0,mature,2026-04-19,fjc_query+rollup
IL,2009,3,17254,6808,7979,14787,54.0,6241,36.2,1962,844,557,3.2,mature,2026-04-19,fjc_query+rollup
IL,2010,3,19123,7688,8880,16568,53.6,6106,31.9,1807,777,605,3.2,mature,2026-04-19,fjc_query+rollup
IL,2011,3,18174,7563,8365,15928,52.5,5117,28.2,1472,633,533,2.9,mature,2026-04-19,fjc_query+rollup
IL,2012,3,19406,7325,9996,17321,57.7,5373,27.7,1335,574,758,3.9,mature,2026-04-19,fjc_query+rollup
IL,2013,3,21720,7431,12043,19474,61.8,6998,32.2,1609,692,1285,5.9,mature,2026-04-19,fjc_query+rollup
IL,2014,3,21226,6589,12818,19407,66.0,7481,35.2,1560,671,1765,8.3,mature,2026-04-19,fjc_query+rollup
IL,2015,3,22616,6378,14501,20879,69.5,8749,38.7,1720,740,1874,8.3,mature,2026-04-19,fjc_query+rollup
IL,2016,3,22196,6253,14288,20541,69.6,8103,36.5,1691,727,1571,7.1,mature,2026-04-19,fjc_query+rollup
IL,2017,3,21428,6731,13063,19794,66.0,9386,43.8,2182,938,1552,7.2,mature,2026-04-19,fjc_query+rollup
IL,2018,3,20308,6647,12004,18651,64.4,9428,46.4,2099,903,1385,6.8,mature,2026-04-19,fjc_query+rollup
IL,2019,3,18223,6460,10077,16537,60.9,8408,46.1,2011,865,1211,6.6,mature,2026-04-19,fjc_query+rollup
IL,2020,3,11201,4246,5742,9988,57.5,5171,46.2,1317,566,560,5.0,partial_covid,2026-04-19,fjc_query+rollup
IL,2021,3,5933,1537,2861,4398,65.1,2621,44.2,437,188,137,2.3,censored,2026-04-19,fjc_query+rollup
IL,2022,3,8185,1015,4294,5309,80.9,3656,44.7,298,128,356,4.3,censored,2026-04-19,fjc_query+rollup
IL,2023,3,9465,449,4321,4770,90.6,3829,40.5,116,50,399,4.2,censored,2026-04-19,fjc_query+rollup
IL,2024,3,10455,236,3770,4006,94.1,4026,38.5,77,33,422,4.0,censored,2026-04-19,fjc_query+rollup
IN,2008,2,10840,4673,4568,9241,49.4,3691,34.0,1203,517,231,2.1,mature,2026-04-19,fjc_query+rollup
IN,2009,2,12263,6371,4337,10708,40.5,3708,30.2,1512,650,198,1.6,mature,2026-04-19,fjc_query+rollup
IN,2010,2,12122,6568,4072,10640,38.3,3486,28.8,1458,627,185,1.5,mature,2026-04-19,fjc_query+rollup
IN,2011,2,10314,5518,3584,9102,39.4,3016,29.2,1205,518,158,1.5,mature,2026-04-19,fjc_query+rollup
IN,2012,2,9659,4758,3725,8483,43.9,2931,30.3,1104,475,211,2.2,mature,2026-04-19,fjc_query+rollup
IN,2013,2,9377,4386,3715,8101,45.9,3131,33.4,1138,489,177,1.9,mature,2026-04-19,fjc_query+rollup
IN,2014,2,8195,3941,3171,7112,44.6,2898,35.4,1077,463,189,2.3,mature,2026-04-19,fjc_query+rollup
IN,2015,2,7860,3679,3278,6957,47.1,2836,36.1,1009,434,208,2.6,mature,2026-04-19,fjc_query+rollup
IN,2016,2,7450,3497,3099,6596,47.0,2742,36.8,1020,439,197,2.6,mature,2026-04-19,fjc_query+rollup
IN,2017,2,7610,3617,3190,6807,46.9,2798,36.8,1024,440,245,3.2,mature,2026-04-19,fjc_query+rollup
IN,2018,2,7678,3747,3158,6905,45.7,2816,36.7,1037,446,296,3.9,mature,2026-04-19,fjc_query+rollup
IN,2019,2,8227,4009,3394,7403,45.8,2877,35.0,1030,443,380,4.6,mature,2026-04-19,fjc_query+rollup
IN,2020,2,5848,2711,2370,5081,46.6,2056,35.2,725,312,208,3.6,partial_covid,2026-04-19,fjc_query+rollup
IN,2021,2,4194,1122,1675,2797,59.9,1384,33.0,276,119,68,1.6,censored,2026-04-19,fjc_query+rollup
IN,2022,2,5024,737,2045,2782,73.5,1617,32.2,162,70,161,3.2,censored,2026-04-19,fjc_query+rollup
IN,2023,2,6034,211,2183,2394,91.2,1803,29.9,43,18,176,2.9,censored,2026-04-19,fjc_query+rollup
IN,2024,2,6746,95,1738,1833,94.8,1936,28.7,24,10,257,3.8,censored,2026-04-19,fjc_query+rollup
KS,2008,1,2771,1747,744,2491,29.9,727,26.2,407,175,61,2.2,mature,2026-04-19,fjc_query+rollup
KS,2009,1,3049,2026,724,2750,26.3,809,26.5,471,203,36,1.2,mature,2026-04-19,fjc_query+rollup
KS,2010,1,3298,2260,773,3033,25.5,875,26.5,523,225,45,1.4,mature,2026-04-19,fjc_query+rollup
KS,2011,1,3144,2145,710,2855,24.9,815,25.9,495,213,39,1.2,mature,2026-04-19,fjc_query+rollup
KS,2012,1,3114,2048,798,2846,28.0,816,26.2,493,212,46,1.5,mature,2026-04-19,fjc_query+rollup
KS,2013,1,3175,1986,888,2874,30.9,761,24.0,397,171,53,1.7,mature,2026-04-19,fjc_query+rollup
KS,2014,1,3049,1957,832,2789,29.8,649,21.3,335,144,36,1.2,mature,2026-04-19,fjc_query+rollup
KS,2015,1,2961,1851,864,2715,31.8,680,23.0,361,155,44,1.5,mature,2026-04-19,fjc_query+rollup
KS,2016,1,2621,1669,762,2431,31.3,685,26.1,374,161,41,1.6,mature,2026-04-19,fjc_query+rollup
KS,2017,1,2882,1885,812,2697,30.1,737,25.6,405,174,41,1.4,mature,2026-04-19,fjc_query+rollup
KS,2018,1,3038,2016,806,2822,28.6,774,25.5,425,183,65,2.1,mature,2026-04-19,fjc_query+rollup
KS,2019,1,3069,1965,858,2823,30.4,858,28.0,464,200,60,2.0,mature,2026-04-19,fjc_query+rollup
KS,2020,1,2042,1243,552,1795,30.8,560,27.4,273,117,43,2.1,partial_covid,2026-04-19,fjc_query+rollup
KS,2021,1,1479,519,444,963,46.1,443,30.0,135,58,22,1.5,censored,2026-04-19,fjc_query+rollup
KS,2022,1,1637,253,477,730,65.3,494,30.2,59,25,20,1.2,censored,2026-04-19,fjc_query+rollup
KS,2023,1,1761,33,414,447,92.6,521,29.6,9,4,43,2.4,censored,2026-04-19,fjc_query+rollup
KS,2024,1,1859,12,290,302,96.0,534,28.7,4,2,34,1.8,censored,2026-04-19,fjc_query+rollup
KY,2008,2,5271,2350,2004,4354,46.0,1603,30.4,574,247,60,1.1,mature,2026-04-19,fjc_query+rollup
KY,2009,2,5811,2818,2138,4956,43.1,1729,29.8,673,289,46,0.8,mature,2026-04-19,fjc_query+rollup
KY,2010,2,6222,3241,2103,5344,39.4,1711,27.5,713,307,47,0.8,mature,2026-04-19,fjc_query+rollup
KY,2011,2,5682,2871,1978,4849,40.8,1597,28.1,647,278,38,0.7,mature,2026-04-19,fjc_query+rollup
KY,2012,2,5337,2550,2061,4611,44.7,1516,28.4,495,213,76,1.4,mature,2026-04-19,fjc_query+rollup
KY,2013,2,5025,2283,2042,4325,47.2,1467,29.2,462,199,87,1.7,mature,2026-04-19,fjc_query+rollup
KY,2014,2,4593,2186,1762,3948,44.6,1523,33.2,554,238,82,1.8,mature,2026-04-19,fjc_query+rollup
KY,2015,2,4540,2105,1786,3891,45.9,1602,35.3,611,263,72,1.6,mature,2026-04-19,fjc_query+rollup
KY,2016,2,4949,2332,1922,4254,45.2,1622,32.8,608,261,106,2.1,mature,2026-04-19,fjc_query+rollup
KY,2017,2,4931,2398,1912,4310,44.4,1659,33.6,624,268,126,2.6,mature,2026-04-19,fjc_query+rollup
KY,2018,2,5094,2485,1914,4399,43.5,1724,33.8,662,285,129,2.5,mature,2026-04-19,fjc_query+rollup
KY,2019,2,5322,2670,1953,4623,42.2,1619,30.4,602,259,108,2.0,mature,2026-04-19,fjc_query+rollup
KY,2020,2,4130,1926,1605,3531,45.5,1320,32.0,470,202,48,1.2,partial_covid,2026-04-19,fjc_query+rollup
KY,2021,2,3098,615,1242,1857,66.9,955,30.8,162,70,21,0.7,censored,2026-04-19,fjc_query+rollup
KY,2022,2,3603,384,1540,1924,80.0,1170,32.5,105,45,43,1.2,censored,2026-04-19,fjc_query+rollup
KY,2023,2,4775,228,1661,1889,87.9,1340,28.1,54,23,70,1.5,censored,2026-04-19,fjc_query+rollup
KY,2024,2,5286,132,1312,1444,90.9,1471,27.8,28,12,67,1.3,censored,2026-04-19,fjc_query+rollup
LA,2008,3,9800,4236,4537,8773,51.7,2602,26.6,951,409,254,2.6,mature,2026-04-19,fjc_query+rollup
LA,2009,3,11318,5492,4710,10202,46.2,3178,28.1,1373,590,163,1.4,mature,2026-04-19,fjc_query+rollup
LA,2010,3,11697,5630,4931,10561,46.7,3241,27.7,1324,569,173,1.5,mature,2026-04-19,fjc_query+rollup
LA,2011,3,11271,5149,5085,10234,49.7,3063,27.2,1201,516,221,2.0,mature,2026-04-19,fjc_query+rollup
LA,2012,3,10453,4538,4998,9536,52.4,2984,28.5,1072,461,246,2.4,mature,2026-04-19,fjc_query+rollup
LA,2013,3,10433,4286,5265,9551,55.1,3176,30.4,1043,448,260,2.5,mature,2026-04-19,fjc_query+rollup
LA,2014,3,10670,4132,5667,9799,57.8,3383,31.7,1036,445,274,2.6,mature,2026-04-19,fjc_query+rollup
LA,2015,3,9839,3791,5197,8988,57.8,3265,33.2,1012,435,285,2.9,mature,2026-04-19,fjc_query+rollup
LA,2016,3,9600,3791,5016,8807,57.0,3181,33.1,997,429,240,2.5,mature,2026-04-19,fjc_query+rollup
LA,2017,3,9308,3866,4721,8587,55.0,3174,34.1,1059,455,295,3.2,mature,2026-04-19,fjc_query+rollup
LA,2018,3,9272,3937,4571,8508,53.7,3188,34.4,1077,463,343,3.7,mature,2026-04-19,fjc_query+rollup
LA,2019,3,8937,3589,4495,8084,55.6,3137,35.1,944,406,404,4.5,mature,2026-04-19,fjc_query+rollup
LA,2020,3,5832,2165,2854,5019,56.9,2081,35.7,568,244,212,3.6,partial_covid,2026-04-19,fjc_query+rollup
LA,2021,3,3584,718,1677,2395,70.0,1295,36.1,213,92,71,2.0,censored,2026-04-19,fjc_query+rollup
LA,2022,3,5131,467,2457,2924,84.0,1728,33.7,138,59,152,3.0,censored,2026-04-19,fjc_query+rollup
LA,2023,3,6282,134,2614,2748,95.1,1801,28.7,33,14,210,3.3,censored,2026-04-19,fjc_query+rollup
LA,2024,3,6997,65,2143,2208,97.1,1999,28.6,21,9,281,4.0,censored,2026-04-19,fjc_query+rollup
MA,2008,1,3891,956,2432,3388,71.8,760,19.5,90,39,659,16.9,mature,2026-04-19,fjc_query+rollup
MA,2009,1,3500,1539,1472,3011,48.9,540,15.4,126,54,352,10.1,mature,2026-04-19,fjc_query+rollup
MA,2010,1,5078,2226,2222,4448,50.0,662,13.0,156,67,508,10.0,mature,2026-04-19,fjc_query+rollup
MA,2011,1,4929,2023,2314,4337,53.4,751,15.2,158,68,500,10.1,mature,2026-04-19,fjc_query+rollup
MA,2012,1,4402,1627,2261,3888,58.2,823,18.7,134,58,468,10.6,mature,2026-04-19,fjc_query+rollup
MA,2013,1,2688,1207,1176,2383,49.3,543,20.2,130,56,142,5.3,mature,2026-04-19,fjc_query+rollup
MA,2014,1,2155,930,1009,1939,52.0,492,22.8,98,42,144,6.7,mature,2026-04-19,fjc_query+rollup
MA,2015,1,2165,818,1173,1991,58.9,632,29.2,124,53,217,10.0,mature,2026-04-19,fjc_query+rollup
MA,2016,1,2661,845,1630,2475,65.9,723,27.2,114,49,287,10.8,mature,2026-04-19,fjc_query+rollup
MA,2017,1,2697,823,1688,2511,67.2,877,32.5,141,61,327,12.1,mature,2026-04-19,fjc_query+rollup
MA,2018,1,3142,888,2064,2952,69.9,1082,34.4,157,68,410,13.0,mature,2026-04-19,fjc_query+rollup
MA,2019,1,2777,875,1729,2604,66.4,916,33.0,131,56,337,12.1,mature,2026-04-19,fjc_query+rollup
MA,2020,1,1509,523,863,1386,62.3,461,30.6,84,36,115,7.6,partial_covid,2026-04-19,fjc_query+rollup
MA,2021,1,804,158,461,619,74.5,283,35.2,23,10,56,7.0,censored,2026-04-19,fjc_query+rollup
MA,2022,1,1131,140,677,817,82.9,385,34.0,24,10,100,8.8,censored,2026-04-19,fjc_query+rollup
MA,2023,1,1241,24,700,724,96.7,381,30.7,6,3,134,10.8,censored,2026-04-19,fjc_query+rollup
MA,2024,1,1645,26,766,792,96.7,445,27.1,7,3,189,11.5,censored,2026-04-19,fjc_query+rollup
MD,2008,1,5991,1210,3843,5053,76.1,2261,37.7,297,128,1158,19.3,mature,2026-04-19,fjc_query+rollup
MD,2009,1,5735,1523,3184,4707,67.6,2035,35.5,350,150,944,16.5,mature,2026-04-19,fjc_query+rollup
MD,2010,1,7356,1994,4107,6101,67.3,2275,30.9,360,155,1222,16.6,mature,2026-04-19,fjc_query+rollup
MD,2011,1,5124,1773,2385,4158,57.4,1633,31.9,288,124,680,13.3,mature,2026-04-19,fjc_query+rollup
MD,2012,1,4426,1484,2153,3637,59.2,1015,22.9,209,90,557,12.6,mature,2026-04-19,fjc_query+rollup
MD,2013,1,5092,1382,2989,4371,68.4,1535,30.1,233,100,735,14.4,mature,2026-04-19,fjc_query+rollup
MD,2014,1,5415,1347,3429,4776,71.8,2089,38.6,258,111,1003,18.5,mature,2026-04-19,fjc_query+rollup
MD,2015,1,5150,1207,3359,4566,73.6,2237,43.4,288,124,1135,22.0,mature,2026-04-19,fjc_query+rollup
MD,2016,1,5615,1288,3729,5017,74.3,2586,46.1,322,138,1192,21.2,mature,2026-04-19,fjc_query+rollup
MD,2017,1,5456,1436,3502,4938,70.9,2447,44.8,368,158,1117,20.5,mature,2026-04-19,fjc_query+rollup
MD,2018,1,5617,1623,3408,5031,67.7,2530,45.0,461,198,992,17.7,mature,2026-04-19,fjc_query+rollup
MD,2019,1,6219,1740,3793,5533,68.6,2741,44.1,468,201,1075,17.3,mature,2026-04-19,fjc_query+rollup
MD,2020,1,3764,1155,2031,3186,63.7,1596,42.4,303,130,470,12.5,partial_covid,2026-04-19,fjc_query+rollup
MD,2021,1,1947,296,989,1285,77.0,903,46.4,83,36,157,8.1,censored,2026-04-19,fjc_query+rollup
MD,2022,1,2568,168,1520,1688,90.0,1281,49.9,40,17,341,13.3,censored,2026-04-19,fjc_query+rollup
MD,2023,1,3294,80,1684,1764,95.5,1277,38.8,16,7,381,11.6,censored,2026-04-19,fjc_query+rollup
MD,2024,1,4099,60,1529,1589,96.2,1515,37.0,25,11,490,12.0,censored,2026-04-19,fjc_query+rollup
ME,2008,1,478,176,193,369,52.3,67,14.0,16,7,22,4.6,mature,2026-04-19,fjc_query+rollup
ME,2009,1,556,284,156,440,35.5,82,14.7,26,11,21,3.8,mature,2026-04-19,fjc_query+rollup
ME,2010,1,548,312,144,456,31.6,72,13.1,35,15,19,3.5,mature,2026-04-19,fjc_query+rollup
ME,2011,1,536,309,139,448,31.0,80,14.9,31,13,16,3.0,mature,2026-04-19,fjc_query+rollup
ME,2012,1,416,244,115,359,32.0,70,16.8,38,16,17,4.1,mature,2026-04-19,fjc_query+rollup
ME,2013,1,393,200,119,319,37.3,58,14.8,24,10,12,3.1,mature,2026-04-19,fjc_query+rollup
ME,2014,1,357,191,106,297,35.7,47,13.2,14,6,9,2.5,mature,2026-04-19,fjc_query+rollup
ME,2015,1,296,153,101,254,39.8,58,19.6,20,9,13,4.4,mature,2026-04-19,fjc_query+rollup
ME,2016,1,272,173,69,242,28.5,57,21.0,34,15,5,1.8,mature,2026-04-19,fjc_query+rollup
ME,2017,1,237,125,83,208,39.9,55,23.2,25,11,10,4.2,mature,2026-04-19,fjc_query+rollup
ME,2018,1,218,110,81,191,42.4,60,27.5,17,7,16,7.3,mature,2026-04-19,fjc_query+rollup
ME,2019,1,220,115,69,184,37.5,48,21.8,16,7,14,6.4,mature,2026-04-19,fjc_query+rollup
ME,2020,1,193,98,67,165,40.6,46,23.8,20,9,12,6.2,partial_covid,2026-04-19,fjc_query+rollup
ME,2021,1,86,21,30,51,58.8,18,20.9,3,1,2,2.3,censored,2026-04-19,fjc_query+rollup
ME,2022,1,104,8,39,47,83.0,31,29.8,0,0,12,11.5,censored,2026-04-19,fjc_query+rollup
ME,2023,1,113,4,48,52,92.3,30,26.5,1,0,23,20.4,censored,2026-04-19,fjc_query+rollup
ME,2024,1,106,3,40,43,93.0,34,32.1,2,1,14,13.2,censored,2026-04-19,fjc_query+rollup
MI,2008,2,11698,3515,5960,9475,62.9,2039,17.4,411,177,421,3.6,mature,2026-04-19,fjc_query+rollup
MI,2009,2,10738,5020,3966,8986,44.1,1605,14.9,537,231,285,2.7,mature,2026-04-19,fjc_query+rollup
MI,2010,2,10136,5622,3109,8731,35.6,1491,14.7,575,247,261,2.6,mature,2026-04-19,fjc_query+rollup
MI,2011,2,9444,4981,3174,8155,38.9,1443,15.3,550,236,213,2.3,mature,2026-04-19,fjc_query+rollup
MI,2012,2,8338,4221,3161,7382,42.8,1383,16.6,472,203,285,3.4,mature,2026-04-19,fjc_query+rollup
MI,2013,2,7445,3703,2908,6611,44.0,1325,17.8,450,194,205,2.8,mature,2026-04-19,fjc_query+rollup
MI,2014,2,6637,3146,2785,5931,47.0,1187,17.9,354,152,168,2.5,mature,2026-04-19,fjc_query+rollup
MI,2015,2,6872,3138,3054,6192,49.3,1333,19.4,426,183,200,2.9,mature,2026-04-19,fjc_query+rollup
MI,2016,2,6860,2993,3222,6215,51.8,1496,21.8,439,189,204,3.0,mature,2026-04-19,fjc_query+rollup
MI,2017,2,6797,3007,3190,6197,51.5,1658,24.4,500,215,213,3.1,mature,2026-04-19,fjc_query+rollup
MI,2018,2,6916,3049,3275,6324,51.8,1704,24.6,541,233,237,3.4,mature,2026-04-19,fjc_query+rollup
MI,2019,2,7317,3098,3505,6603,53.1,1787,24.4,502,216,255,3.5,mature,2026-04-19,fjc_query+rollup
MI,2020,2,5197,1913,2409,4322,55.7,1164,22.4,282,121,192,3.7,partial_covid,2026-04-19,fjc_query+rollup
MI,2021,2,3461,886,1455,2341,62.2,812,23.5,146,63,59,1.7,censored,2026-04-19,fjc_query+rollup
MI,2022,2,4707,487,2213,2700,82.0,1136,24.1,81,35,154,3.3,censored,2026-04-19,fjc_query+rollup
MI,2023,2,5898,239,2313,2552,90.6,1427,24.2,40,17,267,4.5,censored,2026-04-19,fjc_query+rollup
MI,2024,2,6448,124,1848,1972,93.7,1470,22.8,18,8,225,3.5,censored,2026-04-19,fjc_query+rollup
MN,2008,1,2590,1412,894,2306,38.8,676,26.1,331,142,56,2.2,mature,2026-04-19,fjc_query+rollup
MN,2009,1,2795,1819,682,2501,27.3,642,23.0,384,165,57,2.0,mature,2026-04-19,fjc_query+rollup
MN,2010,1,2895,1915,694,2609,26.6,541,18.7,310,133,74,2.6,mature,2026-04-19,fjc_query+rollup
MN,2011,1,2851,1849,722,2571,28.1,518,18.2,285,123,121,4.2,mature,2026-04-19,fjc_query+rollup
MN,2012,1,2945,1870,816,2686,30.4,479,16.3,232,100,127,4.3,mature,2026-04-19,fjc_query+rollup
MN,2013,1,2487,1564,703,2267,31.0,572,23.0,278,120,122,4.9,mature,2026-04-19,fjc_query+rollup
MN,2014,1,1956,1213,544,1757,31.0,510,26.1,264,114,118,6.0,mature,2026-04-19,fjc_query+rollup
MN,2015,1,1611,910,582,1492,39.0,490,30.4,217,93,97,6.0,mature,2026-04-19,fjc_query+rollup
MN,2016,1,1521,873,526,1399,37.6,515,33.9,232,100,77,5.1,mature,2026-04-19,fjc_query+rollup
MN,2017,1,1671,1030,514,1544,33.3,521,31.2,273,117,67,4.0,mature,2026-04-19,fjc_query+rollup
MN,2018,1,1887,1160,579,1739,33.3,583,30.9,292,126,81,4.3,mature,2026-04-19,fjc_query+rollup
MN,2019,1,2054,1189,677,1866,36.3,607,29.6,268,115,101,4.9,mature,2026-04-19,fjc_query+rollup
MN,2020,1,1655,962,513,1475,34.8,492,29.7,226,97,80,4.8,partial_covid,2026-04-19,fjc_query+rollup
MN,2021,1,875,242,216,458,47.2,216,24.7,60,26,23,2.6,censored,2026-04-19,fjc_query+rollup
MN,2022,1,1328,250,404,654,61.8,367,27.6,67,29,59,4.4,censored,2026-04-19,fjc_query+rollup
MN,2023,1,1844,34,494,528,93.6,484,26.2,4,2,85,4.6,censored,2026-04-19,fjc_query+rollup
MN,2024,1,2322,22,472,494,95.5,644,27.7,6,3,66,2.8,censored,2026-04-19,fjc_query+rollup
MO,2008,2,7518,3103,3491,6594,52.9,2245,29.9,695,299,180,2.4,mature,2026-04-19,fjc_query+rollup
MO,2009,2,7639,3685,3104,6789,45.7,2176,28.5,786,338,138,1.8,mature,2026-04-19,fjc_query+rollup
MO,2010,2,8876,4462,3540,8002,44.2,2509,28.3,955,411,165,1.9,mature,2026-04-19,fjc_query+rollup
MO,2011,2,8153,3773,3572,7345,48.6,2367,29.0,814,350,231,2.8,mature,2026-04-19,fjc_query+rollup
MO,2012,2,7411,3246,3487,6733,51.8,2320,31.3,745,320,249,3.4,mature,2026-04-19,fjc_query+rollup
MO,2013,2,7431,3023,3713,6736,55.1,2565,34.5,665,286,244,3.3,mature,2026-04-19,fjc_query+rollup
MO,2014,2,6358,2753,2939,5692,51.6,2405,37.8,761,327,211,3.3,mature,2026-04-19,fjc_query+rollup
MO,2015,2,6196,2540,3008,5548,54.2,2531,40.8,695,299,218,3.5,mature,2026-04-19,fjc_query+rollup
MO,2016,2,6136,2513,2948,5461,54.0,2575,42.0,797,343,197,3.2,mature,2026-04-19,fjc_query+rollup
MO,2017,2,6146,2559,3055,5614,54.4,2667,43.4,846,364,224,3.6,mature,2026-04-19,fjc_query+rollup
MO,2018,2,6108,2641,2901,5542,52.3,2657,43.5,878,378,290,4.7,mature,2026-04-19,fjc_query+rollup
MO,2019,2,6321,2822,2924,5746,50.9,2538,40.2,842,362,278,4.4,mature,2026-04-19,fjc_query+rollup
MO,2020,2,4577,1971,2090,4061,51.5,1947,42.5,636,273,144,3.1,partial_covid,2026-04-19,fjc_query+rollup
MO,2021,2,3271,760,1440,2200,65.5,1292,39.5,224,96,64,2.0,censored,2026-04-19,fjc_query+rollup
MO,2022,2,3904,419,1810,2229,81.2,1534,39.3,120,52,164,4.2,censored,2026-04-19,fjc_query+rollup
MO,2023,2,4413,126,1782,1908,93.4,1597,36.2,42,18,208,4.7,censored,2026-04-19,fjc_query+rollup
MO,2024,2,4344,84,1242,1326,93.7,1453,33.4,25,11,189,4.4,censored,2026-04-19,fjc_query+rollup
MP,2009,1,1,0,1,1,,0,0.0,0,0,0,0.0,mature,2026-04-19,fjc_query+rollup
MP,2011,1,1,0,0,0,,0,0.0,0,0,0,0.0,mature,2026-04-19,fjc_query+rollup
MP,2012,1,1,1,0,1,,0,0.0,0,0,0,0.0,mature,2026-04-19,fjc_query+rollup
MP,2013,1,1,1,0,1,,0,0.0,0,0,0,0.0,mature,2026-04-19,fjc_query+rollup
MP,2014,1,1,0,1,1,,0,0.0,0,0,0,0.0,mature,2026-04-19,fjc_query+rollup
MP,2015,1,1,0,0,0,,0,0.0,0,0,0,0.0,mature,2026-04-19,fjc_query+rollup
MP,2016,1,1,1,0,1,,0,0.0,0,0,0,0.0,mature,2026-04-19,fjc_query+rollup
MP,2019,1,1,0,0,0,,0,0.0,0,0,0,0.0,mature,2026-04-19,fjc_query+rollup
MS,2008,2,6126,2335,3255,5590,58.2,2261,36.9,744,320,65,1.1,mature,2026-04-19,fjc_query+rollup
MS,2009,2,6580,2971,3086,6057,50.9,2376,36.1,950,408,78,1.2,mature,2026-04-19,fjc_query+rollup
MS,2010,2,6286,3005,2833,5838,48.5,2170,34.5,919,395,91,1.4,mature,2026-04-19,fjc_query+rollup
MS,2011,2,6166,2898,2857,5755,49.6,2117,34.3,866,372,104,1.7,mature,2026-04-19,fjc_query+rollup
MS,2012,2,6007,2732,2885,5617,51.4,2053,34.2,813,350,121,2.0,mature,2026-04-19,fjc_query+rollup
MS,2013,2,6554,2853,3334,6187,53.9,2248,34.3,826,355,109,1.7,mature,2026-04-19,fjc_query+rollup
MS,2014,2,5887,2705,2802,5507,50.9,2104,35.7,801,344,102,1.7,mature,2026-04-19,fjc_query+rollup
MS,2015,2,5617,2626,2656,5282,50.3,1987,35.4,746,321,81,1.4,mature,2026-04-19,fjc_query+rollup
MS,2016,2,5748,2655,2758,5413,51.0,1943,33.8,743,319,82,1.4,mature,2026-04-19,fjc_query+rollup
MS,2017,2,6303,3002,2939,5941,49.5,2082,33.0,820,353,94,1.5,mature,2026-04-19,fjc_query+rollup
MS,2018,2,6627,3195,3075,6270,49.0,2266,34.2,866,372,165,2.5,mature,2026-04-19,fjc_query+rollup
MS,2019,2,6595,2974,3188,6162,51.7,2431,36.9,916,394,161,2.4,mature,2026-04-19,fjc_query+rollup
MS,2020,2,4575,2032,2153,4185,51.4,1872,40.9,633,272,114,2.5,partial_covid,2026-04-19,fjc_query+rollup
MS,2021,2,2570,488,1194,1682,71.0,1145,44.6,182,78,45,1.8,censored,2026-04-19,fjc_query+rollup
MS,2022,2,3922,327,1716,2043,84.0,1432,36.5,112,48,84,2.1,censored,2026-04-19,fjc_query+rollup
MS,2023,2,4975,74,1870,1944,96.2,1606,32.3,25,11,137,2.8,censored,2026-04-19,fjc_query+rollup
MS,2024,2,5045,54,1514,1568,96.6,1800,35.7,17,7,125,2.5,censored,2026-04-19,fjc_query+rollup
MT,2008,1,303,149,108,257,42.0,51,16.8,18,8,26,8.6,mature,2026-04-19,fjc_query+rollup
MT,2009,1,350,200,94,294,32.0,42,12.0,17,7,23,6.6,mature,2026-04-19,fjc_query+rollup
MT,2010,1,413,249,84,333,25.2,40,9.7,23,10,13,3.1,mature,2026-04-19,fjc_query+rollup
MT,2011,1,387,235,97,332,29.2,46,11.9,21,9,22,5.7,mature,2026-04-19,fjc_query+rollup
MT,2012,1,332,179,105,284,37.0,47,14.2,22,9,35,10.5,mature,2026-04-19,fjc_query+rollup
MT,2013,1,254,126,90,216,41.7,38,15.0,8,3,24,9.4,mature,2026-04-19,fjc_query+rollup
MT,2014,1,183,102,54,156,34.6,30,16.4,14,6,22,12.0,mature,2026-04-19,fjc_query+rollup
MT,2015,1,171,91,57,148,38.5,41,24.0,12,5,18,10.5,mature,2026-04-19,fjc_query+rollup
MT,2016,1,201,93,72,165,43.6,38,18.9,12,5,32,15.9,mature,2026-04-19,fjc_query+rollup
MT,2017,1,201,112,65,177,36.7,52,25.9,20,9,18,9.0,mature,2026-04-19,fjc_query+rollup
MT,2018,1,191,98,73,171,42.7,47,24.6,14,6,22,11.5,mature,2026-04-19,fjc_query+rollup
MT,2019,1,234,129,82,211,38.9,52,22.2,22,9,41,17.5,mature,2026-04-19,fjc_query+rollup
MT,2020,1,187,87,37,124,29.8,42,22.5,16,7,12,6.4,partial_covid,2026-04-19,fjc_query+rollup
MT,2021,1,73,24,21,45,46.7,17,23.3,4,2,6,8.2,censored,2026-04-19,fjc_query+rollup
MT,2022,1,89,22,23,45,51.1,18,20.2,6,3,6,6.7,censored,2026-04-19,fjc_query+rollup
MT,2023,1,95,5,25,30,83.3,15,15.8,2,1,13,13.7,censored,2026-04-19,fjc_query+rollup
MT,2024,1,110,4,40,44,90.9,21,19.1,1,0,19,17.3,censored,2026-04-19,fjc_query+rollup
NC,2008,3,11072,5632,4413,10045,43.9,2415,21.8,939,404,204,1.8,mature,2026-04-19,fjc_query+rollup
NC,2009,3,12429,7646,3846,11492,33.5,2469,19.9,1164,501,195,1.6,mature,2026-04-19,fjc_query+rollup
NC,2010,3,12162,7287,4040,11327,35.7,2341,19.2,1032,444,269,2.2,mature,2026-04-19,fjc_query+rollup
NC,2011,3,11736,6855,4091,10946,37.4,2197,18.7,900,387,262,2.2,mature,2026-04-19,fjc_query+rollup
NC,2012,3,11763,6485,4516,11001,41.1,2329,19.8,872,375,307,2.6,mature,2026-04-19,fjc_query+rollup
NC,2013,3,10927,5675,4568,10243,44.6,2475,22.7,837,360,384,3.5,mature,2026-04-19,fjc_query+rollup
NC,2014,3,9878,5068,4203,9271,45.3,2463,24.9,830,357,344,3.5,mature,2026-04-19,fjc_query+rollup
NC,2015,3,9296,4889,3854,8743,44.1,2268,24.4,781,336,294,3.2,mature,2026-04-19,fjc_query+rollup
NC,2016,3,8898,4578,3783,8361,45.2,2159,24.3,693,298,361,4.1,mature,2026-04-19,fjc_query+rollup
NC,2017,3,8287,4273,3524,7797,45.2,1996,24.1,613,264,376,4.5,mature,2026-04-19,fjc_query+rollup
NC,2018,3,8155,4203,3513,7716,45.5,2092,25.7,641,276,481,5.9,mature,2026-04-19,fjc_query+rollup
NC,2019,3,7911,4143,3196,7339,43.5,1900,24.0,606,261,390,4.9,mature,2026-04-19,fjc_query+rollup
NC,2020,3,5774,2816,2252,5068,44.4,1365,23.6,353,152,217,3.8,partial_covid,2026-04-19,fjc_query+rollup
NC,2021,3,3443,719,1375,2094,65.7,884,25.7,96,41,87,2.5,censored,2026-04-19,fjc_query+rollup
NC,2022,3,4042,456,1787,2243,79.7,1078,26.7,52,22,170,4.2,censored,2026-04-19,fjc_query+rollup
NC,2023,3,4720,138,1898,2036,93.2,1230,26.1,26,11,229,4.9,censored,2026-04-19,fjc_query+rollup
NC,2024,3,5610,96,1707,1803,94.7,1285,22.9,13,6,242,4.3,censored,2026-04-19,fjc_query+rollup
ND,2008,1,141,79,34,113,30.1,33,23.4,19,8,8,5.7,mature,2026-04-19,fjc_query+rollup
ND,2009,1,175,110,31,141,22.0,35,20.0,21,9,2,1.1,mature,2026-04-19,fjc_query+rollup
ND,2010,1,187,127,37,164,22.6,40,21.4,25,11,9,4.8,mature,2026-04-19,fjc_query+rollup
ND,2011,1,145,97,32,129,24.8,34,23.4,19,8,10,6.9,mature,2026-04-19,fjc_query+rollup
ND,2012,1,131,92,29,121,24.0,26,19.8,16,7,5,3.8,mature,2026-04-19,fjc_query+rollup
ND,2013,1,95,61,27,88,30.7,13,13.7,6,3,2,2.1,mature,2026-04-19,fjc_query+rollup
ND,2014,1,76,42,20,62,32.3,12,15.8,5,2,3,3.9,mature,2026-04-19,fjc_query+rollup
ND,2015,1,51,27,18,45,40.0,19,37.3,8,3,4,7.8,mature,2026-04-19,fjc_query+rollup
ND,2016,1,82,43,33,76,43.4,14,17.1,9,4,7,8.5,mature,2026-04-19,fjc_query+rollup
ND,2017,1,99,53,39,92,42.4,19,19.2,6,3,6,6.1,mature,2026-04-19,fjc_query+rollup
ND,2018,1,72,36,30,66,45.5,21,29.2,6,3,4,5.6,mature,2026-04-19,fjc_query+rollup
ND,2019,1,89,45,27,72,37.5,17,19.1,8,3,8,9.0,mature,2026-04-19,fjc_query+rollup
ND,2020,1,72,41,17,58,29.3,13,18.1,8,3,4,5.6,partial_covid,2026-04-19,fjc_query+rollup
ND,2021,1,38,12,10,22,45.5,4,10.5,0,0,2,5.3,censored,2026-04-19,fjc_query+rollup
ND,2022,1,53,12,18,30,60.0,8,15.1,2,1,2,3.8,censored,2026-04-19,fjc_query+rollup
ND,2023,1,69,4,13,17,,11,15.9,0,0,3,4.3,censored,2026-04-19,fjc_query+rollup
ND,2024,1,60,2,8,10,,11,18.3,0,0,3,5.0,censored,2026-04-19,fjc_query+rollup
NE,2008,1,1841,1053,471,1524,30.9,555,30.1,286,123,14,0.8,mature,2026-04-19,fjc_query+rollup
NE,2009,1,2037,1255,479,1734,27.6,667,32.7,359,154,22,1.1,mature,2026-04-19,fjc_query+rollup
NE,2010,1,2091,1356,466,1822,25.6,716,34.2,419,180,19,0.9,mature,2026-04-19,fjc_query+rollup
NE,2011,1,2011,1249,473,1722,27.5,604,30.0,346,149,26,1.3,mature,2026-04-19,fjc_query+rollup
NE,2012,1,1738,1028,483,1511,32.0,520,29.9,262,113,35,2.0,mature,2026-04-19,fjc_query+rollup
NE,2013,1,1647,946,493,1439,34.3,540,32.8,269,116,30,1.8,mature,2026-04-19,fjc_query+rollup
NE,2014,1,1514,897,442,1339,33.0,491,32.4,250,108,27,1.8,mature,2026-04-19,fjc_query+rollup
NE,2015,1,1383,756,473,1229,38.5,504,36.4,233,100,28,2.0,mature,2026-04-19,fjc_query+rollup
NE,2016,1,1361,766,444,1210,36.7,526,38.6,246,106,19,1.4,mature,2026-04-19,fjc_query+rollup
NE,2017,1,1337,784,422,1206,35.0,495,37.0,255,110,31,2.3,mature,2026-04-19,fjc_query+rollup
NE,2018,1,1246,744,379,1123,33.7,475,38.1,262,113,41,3.3,mature,2026-04-19,fjc_query+rollup
NE,2019,1,1159,678,356,1034,34.4,434,37.4,213,92,40,3.5,mature,2026-04-19,fjc_query+rollup
NE,2020,1,945,549,263,812,32.4,321,34.0,161,69,22,2.3,partial_covid,2026-04-19,fjc_query+rollup
NE,2021,1,640,177,189,366,51.6,290,45.3,62,27,13,2.0,censored,2026-04-19,fjc_query+rollup
NE,2022,1,738,146,209,355,58.9,266,36.0,49,21,28,3.8,censored,2026-04-19,fjc_query+rollup
NE,2023,1,770,37,203,240,84.6,304,39.5,14,6,23,3.0,censored,2026-04-19,fjc_query+rollup
NE,2024,1,782,20,146,166,88.0,279,35.7,5,2,22,2.8,censored,2026-04-19,fjc_query+rollup
NH,2008,1,785,231,378,609,62.1,179,22.8,43,18,65,8.3,mature,2026-04-19,fjc_query+rollup
NH,2009,1,878,368,318,686,46.4,144,16.4,41,18,62,7.1,mature,2026-04-19,fjc_query+rollup
NH,2010,1,1017,456,372,828,44.9,140,13.8,50,22,87,8.6,mature,2026-04-19,fjc_query+rollup
NH,2011,1,1118,520,432,952,45.4,167,14.9,46,20,85,7.6,mature,2026-04-19,fjc_query+rollup
NH,2012,1,961,410,420,830,50.6,193,20.1,44,19,85,8.8,mature,2026-04-19,fjc_query+rollup
NH,2013,1,758,332,324,656,49.4,201,26.5,51,22,55,7.3,mature,2026-04-19,fjc_query+rollup
NH,2014,1,584,271,247,518,47.7,153,26.2,37,16,42,7.2,mature,2026-04-19,fjc_query+rollup
NH,2015,1,520,237,223,460,48.5,139,26.7,33,14,54,10.4,mature,2026-04-19,fjc_query+rollup
NH,2016,1,435,172,217,389,55.8,138,31.7,22,9,60,13.8,mature,2026-04-19,fjc_query+rollup
NH,2017,1,458,179,227,406,55.9,159,34.7,34,15,78,17.0,mature,2026-04-19,fjc_query+rollup
NH,2018,1,468,216,208,424,49.1,131,28.0,46,20,65,13.9,mature,2026-04-19,fjc_query+rollup
NH,2019,1,502,212,256,468,54.7,149,29.7,33,14,86,17.1,mature,2026-04-19,fjc_query+rollup
NH,2020,1,288,133,130,263,49.4,76,26.4,20,9,31,10.8,partial_covid,2026-04-19,fjc_query+rollup
NH,2021,1,128,45,47,92,51.1,30,23.4,10,4,7,5.5,censored,2026-04-19,fjc_query+rollup
NH,2022,1,207,20,121,141,85.8,73,35.3,8,3,40,19.3,censored,2026-04-19,fjc_query+rollup
NH,2023,1,254,31,130,161,80.7,75,29.5,3,1,57,22.4,censored,2026-04-19,fjc_query+rollup
NH,2024,1,232,7,88,95,92.6,61,26.3,1,0,50,21.6,censored,2026-04-19,fjc_query+rollup
NJ,2008,1,7783,2079,4560,6639,68.7,1876,24.1,348,150,626,8.0,mature,2026-04-19,fjc_query+rollup
NJ,2009,1,8067,3245,3657,6902,53.0,1896,23.5,509,219,556,6.9,mature,2026-04-19,fjc_query+rollup
NJ,2010,1,8942,4060,3547,7607,46.6,1941,21.7,601,258,467,5.2,mature,2026-04-19,fjc_query+rollup
NJ,2011,1,8133,3866,3019,6885,43.8,1648,20.3,553,238,322,4.0,mature,2026-04-19,fjc_query+rollup
NJ,2012,1,6989,3121,2852,5973,47.7,1645,23.5,440,189,314,4.5,mature,2026-04-19,fjc_query+rollup
NJ,2013,1,6302,2557,2861,5418,52.8,1677,26.6,439,189,361,5.7,mature,2026-04-19,fjc_query+rollup
NJ,2014,1,6762,2519,3402,5921,57.5,1929,28.5,398,171,478,7.1,mature,2026-04-19,fjc_query+rollup
NJ,2015,1,7037,2544,3801,6345,59.9,2193,31.2,525,226,599,8.5,mature,2026-04-19,fjc_query+rollup
NJ,2016,1,8389,2591,5065,7656,66.2,2948,35.1,574,247,939,11.2,mature,2026-04-19,fjc_query+rollup
NJ,2017,1,9527,2768,6039,8807,68.6,3702,38.9,705,303,1228,12.9,mature,2026-04-19,fjc_query+rollup
NJ,2018,1,10185,3061,6394,9455,67.6,4123,40.5,848,365,1300,12.8,mature,2026-04-19,fjc_query+rollup
NJ,2019,1,9486,3000,5681,8681,65.4,3821,40.3,820,353,1073,11.3,mature,2026-04-19,fjc_query+rollup
NJ,2020,1,5073,1951,2621,4572,57.3,1942,38.3,495,213,346,6.8,partial_covid,2026-04-19,fjc_query+rollup
NJ,2021,1,2535,674,1015,1689,60.1,838,33.1,176,76,64,2.5,censored,2026-04-19,fjc_query+rollup
NJ,2022,1,4316,572,2497,3069,81.4,1890,43.8,200,86,330,7.6,censored,2026-04-19,fjc_query+rollup
NJ,2023,1,5006,286,2687,2973,90.4,1849,36.9,86,37,421,8.4,censored,2026-04-19,fjc_query+rollup
NJ,2024,1,5051,224,2127,2351,90.5,1825,36.1,70,30,455,9.0,censored,2026-04-19,fjc_query+rollup
NM,2008,1,396,117,189,306,61.8,104,26.3,33,14,18,4.5,mature,2026-04-19,fjc_query+rollup
NM,2009,1,433,174,186,360,51.7,147,33.9,48,21,26,6.0,mature,2026-04-19,fjc_query+rollup
NM,2010,1,509,187,224,411,54.5,140,27.5,41,18,34,6.7,mature,2026-04-19,fjc_query+rollup
NM,2011,1,450,154,202,356,56.7,128,28.4,38,16,26,5.8,mature,2026-04-19,fjc_query+rollup
NM,2012,1,427,156,186,342,54.4,112,26.2,35,15,24,5.6,mature,2026-04-19,fjc_query+rollup
NM,2013,1,388,132,186,318,58.5,113,29.1,19,8,35,9.0,mature,2026-04-19,fjc_query+rollup
NM,2014,1,278,120,106,226,46.9,61,21.9,15,6,25,9.0,mature,2026-04-19,fjc_query+rollup
NM,2015,1,260,111,105,216,48.6,70,26.9,23,10,27,10.4,mature,2026-04-19,fjc_query+rollup
NM,2016,1,304,129,133,262,50.8,101,33.2,37,16,33,10.9,mature,2026-04-19,fjc_query+rollup
NM,2017,1,300,122,134,256,52.3,98,32.7,35,15,34,11.3,mature,2026-04-19,fjc_query+rollup
NM,2018,1,331,135,133,268,49.6,102,30.8,36,15,34,10.3,mature,2026-04-19,fjc_query+rollup
NM,2019,1,412,163,182,345,52.8,116,28.2,35,15,70,17.0,mature,2026-04-19,fjc_query+rollup
NM,2020,1,308,137,116,253,45.8,99,32.1,31,13,29,9.4,partial_covid,2026-04-19,fjc_query+rollup
NM,2021,1,147,29,62,91,68.1,42,28.6,7,3,19,12.9,censored,2026-04-19,fjc_query+rollup
NM,2022,1,157,13,69,82,84.1,54,34.4,5,2,22,14.0,censored,2026-04-19,fjc_query+rollup
NM,2023,1,187,5,75,80,93.8,54,28.9,0,0,19,10.2,censored,2026-04-19,fjc_query+rollup
NM,2024,1,187,8,68,76,89.5,51,27.3,4,2,26,13.9,censored,2026-04-19,fjc_query+rollup
NV,2008,1,5220,1267,3023,4290,70.5,1073,20.6,230,99,232,4.4,mature,2026-04-19,fjc_query+rollup
NV,2009,1,7080,2451,3206,5657,56.7,1240,17.5,354,152,465,6.6,mature,2026-04-19,fjc_query+rollup
NV,2010,1,7015,3140,2645,5785,45.7,1237,17.6,408,175,532,7.6,mature,2026-04-19,fjc_query+rollup
NV,2011,1,5632,2275,2556,4831,52.9,1058,18.8,298,128,951,16.9,mature,2026-04-19,fjc_query+rollup
NV,2012,1,3661,1469,1837,3306,55.6,818,22.3,214,92,565,15.4,mature,2026-04-19,fjc_query+rollup
NV,2013,1,2399,1038,1113,2151,51.7,701,29.2,202,87,272,11.3,mature,2026-04-19,fjc_query+rollup
NV,2014,1,1858,802,861,1663,51.8,658,35.4,188,81,247,13.3,mature,2026-04-19,fjc_query+rollup
NV,2015,1,1897,775,948,1723,55.0,690,36.4,188,81,240,12.7,mature,2026-04-19,fjc_query+rollup
NV,2016,1,1890,762,974,1736,56.1,777,41.1,236,101,236,12.5,mature,2026-04-19,fjc_query+rollup
NV,2017,1,1915,791,960,1751,54.8,760,39.7,238,102,193,10.1,mature,2026-04-19,fjc_query+rollup
NV,2018,1,1726,710,831,1541,53.9,674,39.0,204,88,189,11.0,mature,2026-04-19,fjc_query+rollup
NV,2019,1,1914,688,1035,1723,60.1,812,42.4,215,92,282,14.7,mature,2026-04-19,fjc_query+rollup
NV,2020,1,1125,437,574,1011,56.8,457,40.6,122,52,124,11.0,partial_covid,2026-04-19,fjc_query+rollup
NV,2021,1,717,167,357,524,68.1,293,40.9,56,24,47,6.6,censored,2026-04-19,fjc_query+rollup
NV,2022,1,830,93,473,566,83.6,358,43.1,39,17,77,9.3,censored,2026-04-19,fjc_query+rollup
NV,2023,1,1220,40,605,645,93.8,478,39.2,12,5,130,10.7,censored,2026-04-19,fjc_query+rollup
NV,2024,1,1417,58,518,576,89.9,497,35.1,12,5,136,9.6,censored,2026-04-19,fjc_query+rollup
NY,2008,4,11205,3628,6303,9931,63.5,2435,21.7,515,221,2075,18.5,mature,2026-04-19,fjc_query+rollup
NY,2009,4,10790,4271,5383,9654,55.8,2458,22.8,592,255,1900,17.6,mature,2026-04-19,fjc_query+rollup
NY,2010,4,10571,4584,4877,9461,51.5,2181,20.6,556,239,1719,16.3,mature,2026-04-19,fjc_query+rollup
NY,2011,4,7912,3985,3016,7001,43.1,1483,18.7,523,225,717,9.1,mature,2026-04-19,fjc_query+rollup
NY,2012,4,6575,3235,2540,5775,44.0,1241,18.9,382,164,622,9.5,mature,2026-04-19,fjc_query+rollup
NY,2013,4,6069,2730,2652,5382,49.3,1369,22.6,384,165,734,12.1,mature,2026-04-19,fjc_query+rollup
NY,2014,4,5754,2298,2842,5140,55.3,1495,26.0,360,155,992,17.2,mature,2026-04-19,fjc_query+rollup
NY,2015,4,6344,2290,3491,5781,60.4,1882,29.7,361,155,1434,22.6,mature,2026-04-19,fjc_query+rollup
NY,2016,4,7151,2122,4461,6583,67.8,2405,33.6,369,159,2120,29.6,mature,2026-04-19,fjc_query+rollup
NY,2017,4,9472,2194,6742,8936,75.4,3472,36.7,453,195,3770,39.8,mature,2026-04-19,fjc_query+rollup
NY,2018,4,10608,2157,7883,10040,78.5,4390,41.4,425,183,4461,42.1,mature,2026-04-19,fjc_query+rollup
NY,2019,4,10970,2026,8300,10326,80.4,4817,43.9,428,184,4718,43.0,mature,2026-04-19,fjc_query+rollup
NY,2020,4,5734,1283,3926,5209,75.4,2400,41.9,240,103,2111,36.8,partial_covid,2026-04-19,fjc_query+rollup
NY,2021,4,1890,374,780,1154,67.6,527,27.9,81,35,92,4.9,censored,2026-04-19,fjc_query+rollup
NY,2022,4,3918,270,2627,2897,90.7,1734,44.3,53,23,1285,32.8,censored,2026-04-19,fjc_query+rollup
NY,2023,4,6314,149,4520,4669,96.8,2913,46.1,42,18,2672,42.3,censored,2026-04-19,fjc_query+rollup
NY,2024,4,6683,91,4380,4471,98.0,2862,42.8,25,11,2817,42.2,censored,2026-04-19,fjc_query+rollup
OH,2008,2,16305,7427,6825,14252,47.9,5209,31.9,1669,718,534,3.3,mature,2026-04-19,fjc_query+rollup
OH,2009,2,15668,8773,5171,13944,37.1,4769,30.4,1986,854,360,2.3,mature,2026-04-19,fjc_query+rollup
OH,2010,2,16506,9707,5185,14892,34.8,4781,29.0,2074,892,331,2.0,mature,2026-04-19,fjc_query+rollup
OH,2011,2,14626,8418,4826,13244,36.4,4115,28.1,1655,712,350,2.4,mature,2026-04-19,fjc_query+rollup
OH,2012,2,12348,6543,4632,11175,41.4,3609,29.2,1343,577,330,2.7,mature,2026-04-19,fjc_query+rollup
OH,2013,2,11542,5650,4842,10492,46.1,3675,31.8,1178,507,367,3.2,mature,2026-04-19,fjc_query+rollup
OH,2014,2,9708,4807,3931,8738,45.0,3280,33.8,1073,461,367,3.8,mature,2026-04-19,fjc_query+rollup
OH,2015,2,9647,4811,3995,8806,45.4,3469,36.0,1214,522,400,4.1,mature,2026-04-19,fjc_query+rollup
OH,2016,2,9120,4370,3935,8305,47.4,3477,38.1,1135,488,384,4.2,mature,2026-04-19,fjc_query+rollup
OH,2017,2,9419,4475,4193,8668,48.4,3584,38.1,1193,513,455,4.8,mature,2026-04-19,fjc_query+rollup
OH,2018,2,9418,4455,4183,8638,48.4,3650,38.8,1202,517,449,4.8,mature,2026-04-19,fjc_query+rollup
OH,2019,2,9226,4160,4187,8347,50.2,3465,37.6,1063,457,479,5.2,mature,2026-04-19,fjc_query+rollup
OH,2020,2,6174,2733,2636,5369,49.1,2392,38.7,788,339,254,4.1,partial_covid,2026-04-19,fjc_query+rollup
OH,2021,2,3874,944,1614,2558,63.1,1452,37.5,277,119,86,2.2,censored,2026-04-19,fjc_query+rollup
OH,2022,2,4731,554,2088,2642,79.0,1804,38.1,140,60,194,4.1,censored,2026-04-19,fjc_query+rollup
OH,2023,2,5199,137,2043,2180,93.7,1854,35.7,31,13,258,5.0,censored,2026-04-19,fjc_query+rollup
OH,2024,2,5901,79,1703,1782,95.6,2090,35.4,26,11,336,5.7,censored,2026-04-19,fjc_query+rollup
OK,2008,3,2106,995,848,1843,46.0,835,39.6,364,157,70,3.3,mature,2026-04-19,fjc_query+rollup
OK,2009,3,2288,1189,822,2011,40.9,911,39.8,418,180,75,3.3,mature,2026-04-19,fjc_query+rollup
OK,2010,3,2453,1302,881,2183,40.4,923,37.6,451,194,62,2.5,mature,2026-04-19,fjc_query+rollup
OK,2011,3,2209,1123,860,1983,43.4,828,37.5,376,162,63,2.9,mature,2026-04-19,fjc_query+rollup
OK,2012,3,1930,937,804,1741,46.2,699,36.2,319,137,75,3.9,mature,2026-04-19,fjc_query+rollup
OK,2013,3,1710,811,730,1541,47.4,574,33.6,244,105,65,3.8,mature,2026-04-19,fjc_query+rollup
OK,2014,3,1554,680,715,1395,51.3,580,37.3,219,94,42,2.7,mature,2026-04-19,fjc_query+rollup
OK,2015,3,1527,655,737,1392,52.9,642,42.0,236,101,75,4.9,mature,2026-04-19,fjc_query+rollup
OK,2016,3,1494,651,701,1352,51.8,586,39.2,226,97,79,5.3,mature,2026-04-19,fjc_query+rollup
OK,2017,3,1572,692,734,1426,51.5,592,37.7,228,98,83,5.3,mature,2026-04-19,fjc_query+rollup
OK,2018,3,1607,714,752,1466,51.3,628,39.1,235,101,89,5.5,mature,2026-04-19,fjc_query+rollup
OK,2019,3,1690,737,794,1531,51.9,688,40.7,236,101,101,6.0,mature,2026-04-19,fjc_query+rollup
OK,2020,3,1166,461,504,965,52.2,482,41.3,158,68,64,5.5,partial_covid,2026-04-19,fjc_query+rollup
OK,2021,3,634,111,237,348,68.1,238,37.5,43,18,19,3.0,censored,2026-04-19,fjc_query+rollup
OK,2022,3,813,64,311,375,82.9,338,41.6,22,9,49,6.0,censored,2026-04-19,fjc_query+rollup
OK,2023,3,1077,28,396,424,93.4,389,36.1,7,3,64,5.9,censored,2026-04-19,fjc_query+rollup
OK,2024,3,1131,10,311,321,96.9,370,32.7,4,2,77,6.8,censored,2026-04-19,fjc_query+rollup
OR,2008,1,3030,1325,1317,2642,49.8,1088,35.9,406,175,129,4.3,mature,2026-04-19,fjc_query+rollup
OR,2009,1,3808,2003,1340,3343,40.1,1213,31.9,544,234,192,5.0,mature,2026-04-19,fjc_query+rollup
OR,2010,1,4286,2441,1436,3877,37.0,1213,28.3,587,252,311,7.3,mature,2026-04-19,fjc_query+rollup
OR,2011,1,3896,2247,1275,3522,36.2,931,23.9,417,179,262,6.7,mature,2026-04-19,fjc_query+rollup
OR,2012,1,3462,2066,1123,3189,35.2,854,24.7,384,165,239,6.9,mature,2026-04-19,fjc_query+rollup
OR,2013,1,2576,1610,724,2334,31.0,679,26.4,316,136,120,4.7,mature,2026-04-19,fjc_query+rollup
OR,2014,1,2278,1347,728,2075,35.1,621,27.3,277,119,107,4.7,mature,2026-04-19,fjc_query+rollup
OR,2015,1,2092,1159,742,1901,39.0,657,31.4,279,120,110,5.3,mature,2026-04-19,fjc_query+rollup
OR,2016,1,2017,1081,782,1863,42.0,599,29.7,229,98,118,5.9,mature,2026-04-19,fjc_query+rollup
OR,2017,1,2058,1065,849,1914,44.4,636,30.9,223,96,167,8.1,mature,2026-04-19,fjc_query+rollup
OR,2018,1,2158,1166,839,2005,41.8,677,31.4,269,116,128,5.9,mature,2026-04-19,fjc_query+rollup
OR,2019,1,2211,1136,869,2005,43.3,690,31.2,260,112,169,7.6,mature,2026-04-19,fjc_query+rollup
OR,2020,1,1618,797,593,1390,42.7,457,28.2,157,68,92,5.7,partial_covid,2026-04-19,fjc_query+rollup
OR,2021,1,969,340,295,635,46.5,257,26.5,77,33,16,1.7,censored,2026-04-19,fjc_query+rollup
OR,2022,1,939,152,358,510,70.2,253,26.9,30,13,51,5.4,censored,2026-04-19,fjc_query+rollup
OR,2023,1,1549,74,548,622,88.1,406,26.2,8,3,117,7.6,censored,2026-04-19,fjc_query+rollup
OR,2024,1,1731,48,508,556,91.4,422,24.4,5,2,132,7.6,censored,2026-04-19,fjc_query+rollup
PA,2008,3,10895,3471,6157,9628,63.9,3026,27.8,592,255,579,5.3,mature,2026-04-19,fjc_query+rollup
PA,2009,3,9978,3935,4802,8737,55.0,2606,26.1,642,276,432,4.3,mature,2026-04-19,fjc_query+rollup
PA,2010,3,10905,4414,5200,9614,54.1,2783,25.5,738,317,581,5.3,mature,2026-04-19,fjc_query+rollup
PA,2011,3,9924,4004,4906,8910,55.1,2539,25.6,670,288,462,4.7,mature,2026-04-19,fjc_query+rollup
PA,2012,3,9390,3614,4858,8472,57.3,2491,26.5,589,253,473,5.0,mature,2026-04-19,fjc_query+rollup
PA,2013,3,9682,3230,5619,8849,63.5,2722,28.1,531,228,627,6.5,mature,2026-04-19,fjc_query+rollup
PA,2014,3,8890,2932,5137,8069,63.7,2850,32.1,496,213,663,7.5,mature,2026-04-19,fjc_query+rollup
PA,2015,3,8500,2987,4832,7819,61.8,2843,33.4,584,251,590,6.9,mature,2026-04-19,fjc_query+rollup
PA,2016,3,8895,3207,5065,8272,61.2,3039,34.2,651,280,650,7.3,mature,2026-04-19,fjc_query+rollup
PA,2017,3,9010,3328,5055,8383,60.3,3138,34.8,710,305,684,7.6,mature,2026-04-19,fjc_query+rollup
PA,2018,3,8928,3413,4932,8345,59.1,3264,36.6,771,332,669,7.5,mature,2026-04-19,fjc_query+rollup
PA,2019,3,8956,3377,4854,8231,59.0,3150,35.2,705,303,662,7.4,mature,2026-04-19,fjc_query+rollup
PA,2020,3,5800,2470,2765,5235,52.8,1993,34.4,522,224,338,5.8,partial_covid,2026-04-19,fjc_query+rollup
PA,2021,3,3415,733,1452,2185,66.5,1197,35.1,157,68,143,4.2,censored,2026-04-19,fjc_query+rollup
PA,2022,3,4181,499,2029,2528,80.3,1568,37.5,112,48,229,5.5,censored,2026-04-19,fjc_query+rollup
PA,2023,3,4994,207,2158,2365,91.2,1611,32.3,52,22,294,5.9,censored,2026-04-19,fjc_query+rollup
PA,2024,3,5638,121,1819,1940,93.8,1570,27.8,23,10,358,6.3,censored,2026-04-19,fjc_query+rollup
PR,2008,1,6382,2899,2784,5683,49.0,951,14.9,230,99,30,0.5,mature,2026-04-19,fjc_query+rollup
PR,2009,1,7686,3560,3124,6684,46.7,994,12.9,270,116,54,0.7,mature,2026-04-19,fjc_query+rollup
PR,2010,1,7818,3520,3429,6949,49.3,1016,13.0,282,121,58,0.7,mature,2026-04-19,fjc_query+rollup
PR,2011,1,7365,3090,3483,6573,53.0,1204,16.3,304,131,61,0.8,mature,2026-04-19,fjc_query+rollup
PR,2012,1,6634,2643,3318,5961,55.7,1262,19.0,307,132,172,2.6,mature,2026-04-19,fjc_query+rollup
PR,2013,1,6882,3042,3213,6255,51.4,1599,23.2,428,184,189,2.7,mature,2026-04-19,fjc_query+rollup
PR,2014,1,6716,3044,3102,6146,50.5,1546,23.0,447,192,112,1.7,mature,2026-04-19,fjc_query+rollup
PR,2015,1,5963,2859,2647,5506,48.1,1388,23.3,425,183,83,1.4,mature,2026-04-19,fjc_query+rollup
PR,2016,1,6024,3020,2532,5552,45.6,1253,20.8,381,164,72,1.2,mature,2026-04-19,fjc_query+rollup
PR,2017,1,5090,2734,1991,4725,42.1,1113,21.9,372,160,68,1.3,mature,2026-04-19,fjc_query+rollup
PR,2018,1,3830,2239,1330,3569,37.3,836,21.8,342,147,46,1.2,mature,2026-04-19,fjc_query+rollup
PR,2019,1,4642,2698,1586,4284,37.0,908,19.6,313,135,57,1.2,mature,2026-04-19,fjc_query+rollup
PR,2020,1,3459,2055,1031,3086,33.4,631,18.2,256,110,29,0.8,partial_covid,2026-04-19,fjc_query+rollup
PR,2021,1,2458,480,754,1234,61.1,519,21.1,38,16,20,0.8,censored,2026-04-19,fjc_query+rollup
PR,2022,1,2470,309,840,1149,73.1,504,20.4,26,11,17,0.7,censored,2026-04-19,fjc_query+rollup
PR,2023,1,2812,84,785,869,90.3,486,17.3,13,6,31,1.1,censored,2026-04-19,fjc_query+rollup
PR,2024,1,3728,64,717,781,91.8,519,13.9,16,7,29,0.8,censored,2026-04-19,fjc_query+rollup
RI,2008,1,632,113,388,501,77.4,116,18.4,13,6,156,24.7,mature,2026-04-19,fjc_query+rollup
RI,2009,1,684,234,312,546,57.1,135,19.7,25,11,119,17.4,mature,2026-04-19,fjc_query+rollup
RI,2010,1,680,281,270,551,49.0,113,16.6,28,12,92,13.5,mature,2026-04-19,fjc_query+rollup
RI,2011,1,815,302,383,685,55.9,176,21.6,27,12,105,12.9,mature,2026-04-19,fjc_query+rollup
RI,2012,1,630,250,301,551,54.6,141,22.4,24,10,92,14.6,mature,2026-04-19,fjc_query+rollup
RI,2013,1,523,217,247,464,53.2,136,26.0,26,11,53,10.1,mature,2026-04-19,fjc_query+rollup
RI,2014,1,484,164,285,449,63.5,194,40.1,35,15,89,18.4,mature,2026-04-19,fjc_query+rollup
RI,2015,1,421,132,265,397,66.8,186,44.2,27,12,111,26.4,mature,2026-04-19,fjc_query+rollup
RI,2016,1,520,144,326,470,69.4,223,42.9,25,11,152,29.2,mature,2026-04-19,fjc_query+rollup
RI,2017,1,517,152,321,473,67.9,208,40.2,35,15,119,23.0,mature,2026-04-19,fjc_query+rollup
RI,2018,1,546,168,329,497,66.2,245,44.9,47,20,129,23.6,mature,2026-04-19,fjc_query+rollup
RI,2019,1,473,163,277,440,63.0,195,41.2,38,16,108,22.8,mature,2026-04-19,fjc_query+rollup
RI,2020,1,257,104,122,226,54.0,74,28.8,17,7,43,16.7,partial_covid,2026-04-19,fjc_query+rollup
RI,2021,1,142,45,49,94,52.1,31,21.8,6,3,14,9.9,censored,2026-04-19,fjc_query+rollup
RI,2022,1,192,27,115,142,81.0,81,42.2,9,4,29,15.1,censored,2026-04-19,fjc_query+rollup
RI,2023,1,203,18,104,122,85.2,68,33.5,4,2,29,14.3,censored,2026-04-19,fjc_query+rollup
RI,2024,1,258,16,89,105,84.8,70,27.1,6,3,41,15.9,censored,2026-04-19,fjc_query+rollup
SC,2008,1,4966,2054,2469,4523,54.6,1080,21.7,340,146,121,2.4,mature,2026-04-19,fjc_query+rollup
SC,2009,1,4968,2493,2082,4575,45.5,1091,22.0,430,185,91,1.8,mature,2026-04-19,fjc_query+rollup
SC,2010,1,4674,2384,1937,4321,44.8,1056,22.6,442,190,97,2.1,mature,2026-04-19,fjc_query+rollup
SC,2011,1,4175,2067,1825,3892,46.9,877,21.0,321,138,72,1.7,mature,2026-04-19,fjc_query+rollup
SC,2012,1,4379,2079,1935,4014,48.2,986,22.5,377,162,126,2.9,mature,2026-04-19,fjc_query+rollup
SC,2013,1,4375,1945,2112,4057,52.1,1027,23.5,331,142,142,3.2,mature,2026-04-19,fjc_query+rollup
SC,2014,1,4382,1975,2115,4090,51.7,1188,27.1,413,178,129,2.9,mature,2026-04-19,fjc_query+rollup
SC,2015,1,4192,1936,2003,3939,50.9,1146,27.3,429,184,106,2.5,mature,2026-04-19,fjc_query+rollup
SC,2016,1,4026,1819,1939,3758,51.6,1113,27.6,404,174,106,2.6,mature,2026-04-19,fjc_query+rollup
SC,2017,1,3789,1743,1801,3544,50.8,1161,30.6,445,191,130,3.4,mature,2026-04-19,fjc_query+rollup
SC,2018,1,3981,1820,1925,3745,51.4,1245,31.3,473,203,171,4.3,mature,2026-04-19,fjc_query+rollup
SC,2019,1,4034,1787,1972,3759,52.5,1331,33.0,456,196,158,3.9,mature,2026-04-19,fjc_query+rollup
SC,2020,1,2984,1279,1410,2689,52.4,994,33.3,347,149,97,3.3,partial_covid,2026-04-19,fjc_query+rollup
SC,2021,1,1763,276,852,1128,75.5,647,36.7,65,28,53,3.0,censored,2026-04-19,fjc_query+rollup
SC,2022,1,2243,174,1116,1290,86.5,912,40.7,68,29,69,3.1,censored,2026-04-19,fjc_query+rollup
SC,2023,1,2657,38,1249,1287,97.0,1046,39.4,15,6,102,3.8,censored,2026-04-19,fjc_query+rollup
SC,2024,1,3124,19,1307,1326,98.6,1212,38.8,9,4,146,4.7,censored,2026-04-19,fjc_query+rollup
SD,2008,1,208,98,85,183,46.4,57,27.4,18,8,4,1.9,mature,2026-04-19,fjc_query+rollup
SD,2009,1,190,119,51,170,30.0,45,23.7,22,9,5,2.6,mature,2026-04-19,fjc_query+rollup
SD,2010,1,193,120,53,173,30.6,68,35.2,33,14,3,1.6,mature,2026-04-19,fjc_query+rollup
SD,2011,1,190,102,81,183,44.3,48,25.3,22,9,6,3.2,mature,2026-04-19,fjc_query+rollup
SD,2012,1,152,82,57,139,41.0,36,23.7,15,6,3,2.0,mature,2026-04-19,fjc_query+rollup
SD,2013,1,120,88,23,111,20.7,28,23.3,16,7,4,3.3,mature,2026-04-19,fjc_query+rollup
SD,2014,1,115,71,40,111,36.0,33,28.7,15,6,6,5.2,mature,2026-04-19,fjc_query+rollup
SD,2015,1,111,67,43,110,39.1,42,37.8,23,10,7,6.3,mature,2026-04-19,fjc_query+rollup
SD,2016,1,106,70,29,99,29.3,28,26.4,13,6,4,3.8,mature,2026-04-19,fjc_query+rollup
SD,2017,1,144,101,38,139,27.3,31,21.5,19,8,5,3.5,mature,2026-04-19,fjc_query+rollup
SD,2018,1,113,63,45,108,41.7,13,11.5,6,3,10,8.8,mature,2026-04-19,fjc_query+rollup
SD,2019,1,133,81,40,121,33.1,25,18.8,8,3,13,9.8,mature,2026-04-19,fjc_query+rollup
SD,2020,1,75,44,23,67,34.3,8,10.7,2,1,5,6.7,partial_covid,2026-04-19,fjc_query+rollup
SD,2021,1,62,20,17,37,45.9,10,16.1,3,1,1,1.6,censored,2026-04-19,fjc_query+rollup
SD,2022,1,73,19,22,41,53.7,12,16.4,3,1,6,8.2,censored,2026-04-19,fjc_query+rollup
SD,2023,1,158,9,37,46,80.4,32,20.3,1,0,4,2.5,censored,2026-04-19,fjc_query+rollup
SD,2024,1,163,1,37,38,97.4,26,16.0,0,0,10,6.1,censored,2026-04-19,fjc_query+rollup
TN,2008,3,25484,6925,15851,22776,69.6,11634,45.7,2253,969,280,1.1,mature,2026-04-19,fjc_query+rollup
TN,2009,3,26806,8507,15659,24166,64.8,12105,45.2,2734,1176,221,0.8,mature,2026-04-19,fjc_query+rollup
TN,2010,3,24845,8194,14330,22524,63.6,10821,43.6,2444,1051,275,1.1,mature,2026-04-19,fjc_query+rollup
TN,2011,3,23904,7293,14463,21756,66.5,10540,44.1,2167,932,274,1.1,mature,2026-04-19,fjc_query+rollup
TN,2012,3,23603,6809,14749,21558,68.4,10577,44.8,2001,860,331,1.4,mature,2026-04-19,fjc_query+rollup
TN,2013,3,23243,6548,14865,21413,69.4,10723,46.1,1923,827,385,1.7,mature,2026-04-19,fjc_query+rollup
TN,2014,3,22548,6195,14707,20902,70.4,10906,48.4,1963,844,361,1.6,mature,2026-04-19,fjc_query+rollup
TN,2015,3,21464,6119,13818,19937,69.3,10373,48.3,2024,870,414,1.9,mature,2026-04-19,fjc_query+rollup
TN,2016,3,21274,6039,13745,19784,69.5,10382,48.8,2039,877,379,1.8,mature,2026-04-19,fjc_query+rollup
TN,2017,3,20702,6090,13224,19314,68.5,10350,50.0,2082,895,402,1.9,mature,2026-04-19,fjc_query+rollup
TN,2018,3,19858,5980,12599,18579,67.8,10135,51.0,2128,915,468,2.4,mature,2026-04-19,fjc_query+rollup
TN,2019,3,19548,6081,12099,18180,66.6,9594,49.1,2008,863,476,2.4,mature,2026-04-19,fjc_query+rollup
TN,2020,3,12790,3748,7674,11422,67.2,6352,49.7,1289,554,252,2.0,partial_covid,2026-04-19,fjc_query+rollup
TN,2021,3,7740,891,4769,5660,84.3,4164,53.8,353,152,92,1.2,censored,2026-04-19,fjc_query+rollup
TN,2022,3,10041,527,5962,6489,91.9,4942,49.2,222,95,185,1.8,censored,2026-04-19,fjc_query+rollup
TN,2023,3,11736,322,6233,6555,95.1,5512,47.0,129,55,251,2.1,censored,2026-04-19,fjc_query+rollup
TN,2024,3,11547,152,4860,5012,97.0,5055,43.8,40,17,222,1.9,censored,2026-04-19,fjc_query+rollup
TX,2008,4,22373,7401,12627,20028,63.0,5971,26.7,1362,586,856,3.8,mature,2026-04-19,fjc_query+rollup
TX,2009,4,24633,9720,12330,22050,55.9,6505,26.4,1864,802,692,2.8,mature,2026-04-19,fjc_query+rollup
TX,2010,4,27602,10700,14049,24749,56.8,7154,25.9,2117,910,1168,4.2,mature,2026-04-19,fjc_query+rollup
TX,2011,4,27596,10288,14570,24858,58.6,7299,26.4,1886,811,1487,5.4,mature,2026-04-19,fjc_query+rollup
TX,2012,4,26404,9065,14716,23781,61.9,7463,28.3,1833,788,1739,6.6,mature,2026-04-19,fjc_query+rollup
TX,2013,4,23133,7594,13270,20864,63.6,7553,32.7,1750,752,1495,6.5,mature,2026-04-19,fjc_query+rollup
TX,2014,4,20213,6424,11861,18285,64.9,7335,36.3,1607,691,1281,6.3,mature,2026-04-19,fjc_query+rollup
TX,2015,4,19418,5769,12034,17803,67.6,7171,36.9,1539,662,1432,7.4,mature,2026-04-19,fjc_query+rollup
TX,2016,4,18804,5659,11617,17276,67.2,6977,37.1,1503,646,1381,7.3,mature,2026-04-19,fjc_query+rollup
TX,2017,4,18903,5836,11592,17428,66.5,7010,37.1,1473,633,1696,9.0,mature,2026-04-19,fjc_query+rollup
TX,2018,4,16816,5065,10432,15497,67.3,6390,38.0,1268,545,1623,9.7,mature,2026-04-19,fjc_query+rollup
TX,2019,4,17355,5124,10653,15777,67.5,6442,37.1,1196,514,1847,10.6,mature,2026-04-19,fjc_query+rollup
TX,2020,4,11053,3273,6503,9776,66.5,4073,36.8,769,331,939,8.5,partial_covid,2026-04-19,fjc_query+rollup
TX,2021,4,6145,760,3554,4314,82.4,2193,35.7,203,87,311,5.1,censored,2026-04-19,fjc_query+rollup
TX,2022,4,8459,530,5313,5843,90.9,2922,34.5,137,59,740,8.7,censored,2026-04-19,fjc_query+rollup
TX,2023,4,11011,228,6463,6691,96.6,3451,31.3,63,27,1111,10.1,censored,2026-04-19,fjc_query+rollup
TX,2024,4,12328,139,6225,6364,97.8,3863,31.3,43,18,1446,11.7,censored,2026-04-19,fjc_query+rollup
UT,2008,1,3431,1004,2121,3125,67.9,1594,46.5,297,128,82,2.4,mature,2026-04-19,fjc_query+rollup
UT,2009,1,4738,1715,2678,4393,61.0,2204,46.5,581,250,129,2.7,mature,2026-04-19,fjc_query+rollup
UT,2010,1,5802,2281,3086,5367,57.5,2375,40.9,637,274,317,5.5,mature,2026-04-19,fjc_query+rollup
UT,2011,1,6218,2293,3526,5819,60.6,2386,38.4,661,284,552,8.9,mature,2026-04-19,fjc_query+rollup
UT,2012,1,5321,1913,3032,4945,61.3,2111,39.7,545,234,362,6.8,mature,2026-04-19,fjc_query+rollup
UT,2013,1,4701,1595,2764,4359,63.4,2080,44.2,477,205,279,5.9,mature,2026-04-19,fjc_query+rollup
UT,2014,1,4802,1583,2827,4410,64.1,2258,47.0,487,209,233,4.9,mature,2026-04-19,fjc_query+rollup
UT,2015,1,4695,1485,2848,4333,65.7,2506,53.4,561,241,189,4.0,mature,2026-04-19,fjc_query+rollup
UT,2016,1,4675,1501,2841,4342,65.4,2719,58.2,621,267,208,4.4,mature,2026-04-19,fjc_query+rollup
UT,2017,1,4701,1542,2837,4379,64.8,2753,58.6,669,288,201,4.3,mature,2026-04-19,fjc_query+rollup
UT,2018,1,3935,1441,2240,3681,60.9,2263,57.5,597,257,114,2.9,mature,2026-04-19,fjc_query+rollup
UT,2019,1,3900,1539,2114,3653,57.9,2221,56.9,637,274,124,3.2,mature,2026-04-19,fjc_query+rollup
UT,2020,1,2894,1183,1512,2695,56.1,1633,56.4,503,216,49,1.7,partial_covid,2026-04-19,fjc_query+rollup
UT,2021,1,1881,501,1005,1506,66.7,1038,55.2,184,79,16,0.9,censored,2026-04-19,fjc_query+rollup
UT,2022,1,2036,224,1192,1416,84.2,1142,56.1,92,40,31,1.5,censored,2026-04-19,fjc_query+rollup
UT,2023,1,2246,61,1237,1298,95.3,1191,53.0,17,7,57,2.5,censored,2026-04-19,fjc_query+rollup
UT,2024,1,2459,33,1061,1094,97.0,1258,51.2,9,4,71,2.9,censored,2026-04-19,fjc_query+rollup
VA,2008,2,9294,4321,3816,8137,46.9,2840,30.6,1144,492,486,5.2,mature,2026-04-19,fjc_query+rollup
VA,2009,2,11094,6054,3809,9863,38.6,3124,28.2,1483,638,543,4.9,mature,2026-04-19,fjc_query+rollup
VA,2010,2,11604,6137,4216,10353,40.7,3057,26.3,1406,605,762,6.6,mature,2026-04-19,fjc_query+rollup
VA,2011,2,11048,5472,4384,9856,44.5,2866,25.9,1157,498,736,6.7,mature,2026-04-19,fjc_query+rollup
VA,2012,2,10357,4884,4317,9201,46.9,2913,28.1,1074,462,716,6.9,mature,2026-04-19,fjc_query+rollup
VA,2013,2,9592,4400,4191,8591,48.8,2818,29.4,963,414,724,7.5,mature,2026-04-19,fjc_query+rollup
VA,2014,2,9125,4307,3856,8163,47.2,2858,31.3,957,412,616,6.8,mature,2026-04-19,fjc_query+rollup
VA,2015,2,8947,4206,3859,8065,47.8,2994,33.5,1015,436,611,6.8,mature,2026-04-19,fjc_query+rollup
VA,2016,2,9374,4369,4175,8544,48.9,3349,35.7,1115,479,689,7.4,mature,2026-04-19,fjc_query+rollup
VA,2017,2,9296,4179,4355,8534,51.0,3462,37.2,1045,449,827,8.9,mature,2026-04-19,fjc_query+rollup
VA,2018,2,9403,4222,4409,8631,51.1,3432,36.5,1015,436,1018,10.8,mature,2026-04-19,fjc_query+rollup
VA,2019,2,9668,4372,4381,8753,50.1,3459,35.8,1055,454,732,7.6,mature,2026-04-19,fjc_query+rollup
VA,2020,2,6827,2841,2913,5754,50.6,2567,37.6,756,325,399,5.8,partial_covid,2026-04-19,fjc_query+rollup
VA,2021,2,4017,863,1640,2503,65.5,1578,39.3,279,120,115,2.9,censored,2026-04-19,fjc_query+rollup
VA,2022,2,4777,499,2203,2702,81.5,1917,40.1,154,66,232,4.9,censored,2026-04-19,fjc_query+rollup
VA,2023,2,5772,174,2497,2671,93.5,2234,38.7,45,19,322,5.6,censored,2026-04-19,fjc_query+rollup
VA,2024,2,6007,84,2024,2108,96.0,2206,36.7,16,7,383,6.4,censored,2026-04-19,fjc_query+rollup
VI,2008,1,3,2,1,3,,0,0.0,0,0,0,0.0,mature,2026-04-19,fjc_query+rollup
VI,2009,1,5,2,0,2,,1,20.0,0,0,1,20.0,mature,2026-04-19,fjc_query+rollup
VI,2010,1,5,2,3,5,,0,0.0,0,0,0,0.0,mature,2026-04-19,fjc_query+rollup
VI,2011,1,1,0,1,1,,0,0.0,0,0,0,0.0,mature,2026-04-19,fjc_query+rollup
VI,2012,1,8,1,5,6,,1,12.5,0,0,0,0.0,mature,2026-04-19,fjc_query+rollup
VI,2013,1,5,1,4,5,,1,20.0,0,0,0,0.0,mature,2026-04-19,fjc_query+rollup
VI,2014,1,8,0,7,7,,1,12.5,0,0,1,12.5,mature,2026-04-19,fjc_query+rollup
VI,2015,1,5,1,3,4,,0,0.0,0,0,0,0.0,mature,2026-04-19,fjc_query+rollup
VI,2016,1,6,1,5,6,,3,50.0,1,0,0,0.0,mature,2026-04-19,fjc_query+rollup
VI,2017,1,5,0,5,5,,0,0.0,0,0,0,0.0,mature,2026-04-19,fjc_query+rollup
VI,2018,1,5,1,3,4,,1,20.0,1,0,1,20.0,mature,2026-04-19,fjc_query+rollup
VI,2021,1,1,0,1,1,,0,0.0,0,0,0,0.0,censored,2026-04-19,fjc_query+rollup
VI,2023,1,2,0,0,0,,0,0.0,0,0,2,100.0,censored,2026-04-19,fjc_query+rollup
VI,2024,1,3,0,2,2,,1,33.3,0,0,3,100.0,censored,2026-04-19,fjc_query+rollup
VT,2008,1,291,176,69,245,28.2,43,14.8,23,10,5,1.7,mature,2026-04-19,fjc_query+rollup
VT,2009,1,342,230,61,291,21.0,36,10.5,16,7,4,1.2,mature,2026-04-19,fjc_query+rollup
VT,2010,1,339,240,53,293,18.1,42,12.4,28,12,1,0.3,mature,2026-04-19,fjc_query+rollup
VT,2011,1,224,159,30,189,15.9,19,8.5,11,5,4,1.8,mature,2026-04-19,fjc_query+rollup
VT,2012,1,215,145,36,181,19.9,28,13.0,15,6,2,0.9,mature,2026-04-19,fjc_query+rollup
VT,2013,1,183,128,33,161,20.5,19,10.4,12,5,4,2.2,mature,2026-04-19,fjc_query+rollup
VT,2014,1,169,116,36,152,23.7,24,14.2,11,5,8,4.7,mature,2026-04-19,fjc_query+rollup
VT,2015,1,137,81,32,113,28.3,24,17.5,10,4,6,4.4,mature,2026-04-19,fjc_query+rollup
VT,2016,1,110,68,28,96,29.2,22,20.0,10,4,6,5.5,mature,2026-04-19,fjc_query+rollup
VT,2017,1,91,53,27,80,33.8,19,20.9,11,5,3,3.3,mature,2026-04-19,fjc_query+rollup
VT,2018,1,86,53,24,77,31.2,15,17.4,6,3,5,5.8,mature,2026-04-19,fjc_query+rollup
VT,2019,1,103,67,23,90,25.6,15,14.6,8,3,7,6.8,mature,2026-04-19,fjc_query+rollup
VT,2020,1,82,34,21,55,38.2,7,8.5,0,0,5,6.1,partial_covid,2026-04-19,fjc_query+rollup
VT,2021,1,34,10,7,17,,5,14.7,1,0,0,0.0,censored,2026-04-19,fjc_query+rollup
VT,2022,1,54,13,19,32,59.4,5,9.3,0,0,5,9.3,censored,2026-04-19,fjc_query+rollup
VT,2023,1,40,3,10,13,,10,25.0,0,0,2,5.0,censored,2026-04-19,fjc_query+rollup
VT,2024,1,48,0,13,13,,4,8.3,0,0,4,8.3,censored,2026-04-19,fjc_query+rollup
WA,2008,2,5543,2530,2356,4886,48.2,1721,31.0,719,309,305,5.5,mature,2026-04-19,fjc_query+rollup
WA,2009,2,6691,3545,2401,5946,40.4,1962,29.3,947,407,367,5.5,mature,2026-04-19,fjc_query+rollup
WA,2010,2,7058,3914,2415,6329,38.2,1883,26.7,972,418,513,7.3,mature,2026-04-19,fjc_query+rollup
WA,2011,2,6933,3577,2605,6182,42.1,1812,26.1,727,313,753,10.9,mature,2026-04-19,fjc_query+rollup
WA,2012,2,5508,2981,2010,4991,40.3,1656,30.1,620,267,618,11.2,mature,2026-04-19,fjc_query+rollup
WA,2013,2,5236,2608,2191,4799,45.7,1470,28.1,531,228,723,13.8,mature,2026-04-19,fjc_query+rollup
WA,2014,2,4509,2267,1882,4149,45.4,1315,29.2,486,209,520,11.5,mature,2026-04-19,fjc_query+rollup
WA,2015,2,4504,2267,1900,4167,45.6,1429,31.7,520,224,555,12.3,mature,2026-04-19,fjc_query+rollup
WA,2016,2,4388,2240,1870,4110,45.5,1467,33.4,553,238,463,10.6,mature,2026-04-19,fjc_query+rollup
WA,2017,2,4041,2094,1717,3811,45.1,1496,37.0,606,261,441,10.9,mature,2026-04-19,fjc_query+rollup
WA,2018,2,3553,1897,1447,3344,43.3,1279,36.0,532,229,307,8.6,mature,2026-04-19,fjc_query+rollup
WA,2019,2,3496,1793,1477,3270,45.2,1165,33.3,459,197,431,12.3,mature,2026-04-19,fjc_query+rollup
WA,2020,2,2284,1209,875,2084,42.0,754,33.0,289,124,250,10.9,partial_covid,2026-04-19,fjc_query+rollup
WA,2021,2,1185,477,380,857,44.3,378,31.9,123,53,85,7.2,censored,2026-04-19,fjc_query+rollup
WA,2022,2,1184,246,467,713,65.5,411,34.7,59,25,144,12.2,censored,2026-04-19,fjc_query+rollup
WA,2023,2,1501,77,561,638,87.9,487,32.4,25,11,225,15.0,censored,2026-04-19,fjc_query+rollup
WA,2024,2,1818,47,489,536,91.2,498,27.4,11,5,200,11.0,censored,2026-04-19,fjc_query+rollup
WI,2008,2,4498,1538,2178,3716,58.6,1691,37.6,424,182,136,3.0,mature,2026-04-19,fjc_query+rollup
WI,2009,2,4901,2073,2047,4120,49.7,1790,36.5,550,236,136,2.8,mature,2026-04-19,fjc_query+rollup
WI,2010,2,5475,2511,2147,4658,46.1,1987,36.3,690,297,188,3.4,mature,2026-04-19,fjc_query+rollup
WI,2011,2,5679,2396,2469,4865,50.8,1892,33.3,538,231,210,3.7,mature,2026-04-19,fjc_query+rollup
WI,2012,2,5981,2361,2801,5162,54.3,2072,34.6,491,211,263,4.4,mature,2026-04-19,fjc_query+rollup
WI,2013,2,5666,2147,2800,4947,56.6,2136,37.7,504,217,270,4.8,mature,2026-04-19,fjc_query+rollup
WI,2014,2,5159,1910,2615,4525,57.8,2268,44.0,533,229,283,5.5,mature,2026-04-19,fjc_query+rollup
WI,2015,2,4915,1803,2628,4431,59.3,2330,47.4,621,267,321,6.5,mature,2026-04-19,fjc_query+rollup
WI,2016,2,5033,1883,2674,4557,58.7,2427,48.2,649,279,285,5.7,mature,2026-04-19,fjc_query+rollup
WI,2017,2,5063,2109,2538,4647,54.6,2409,47.6,730,314,276,5.5,mature,2026-04-19,fjc_query+rollup
WI,2018,2,4784,2056,2312,4368,52.9,2345,49.0,766,329,203,4.2,mature,2026-04-19,fjc_query+rollup
WI,2019,2,4974,2232,2305,4537,50.8,2500,50.3,865,372,271,5.4,mature,2026-04-19,fjc_query+rollup
WI,2020,2,3536,1496,1589,3085,51.5,1719,48.6,529,227,169,4.8,partial_covid,2026-04-19,fjc_query+rollup
WI,2021,2,2446,527,1190,1717,69.3,1229,50.2,220,95,66,2.7,censored,2026-04-19,fjc_query+rollup
WI,2022,2,2806,327,1445,1772,81.5,1346,48.0,124,53,138,4.9,censored,2026-04-19,fjc_query+rollup
WI,2023,2,3171,74,1365,1439,94.9,1434,45.2,26,11,126,4.0,censored,2026-04-19,fjc_query+rollup
WI,2024,2,3486,30,990,1020,97.1,1453,41.7,7,3,110,3.2,censored,2026-04-19,fjc_query+rollup
WV,2008,2,530,324,122,446,27.4,113,21.3,61,26,24,4.5,mature,2026-04-19,fjc_query+rollup
WV,2009,2,614,371,135,506,26.7,115,18.7,71,31,28,4.6,mature,2026-04-19,fjc_query+rollup
WV,2010,2,626,380,138,518,26.6,113,18.1,61,26,27,4.3,mature,2026-04-19,fjc_query+rollup
WV,2011,2,627,356,165,521,31.7,97,15.5,45,19,30,4.8,mature,2026-04-19,fjc_query+rollup
WV,2012,2,527,259,153,412,37.1,95,18.0,36,15,39,7.4,mature,2026-04-19,fjc_query+rollup
WV,2013,2,525,243,202,445,45.4,109,20.8,37,16,46,8.8,mature,2026-04-19,fjc_query+rollup
WV,2014,2,422,195,144,339,42.5,79,18.7,20,9,43,10.2,mature,2026-04-19,fjc_query+rollup
WV,2015,2,450,201,173,374,46.3,93,20.7,29,12,42,9.3,mature,2026-04-19,fjc_query+rollup
WV,2016,2,411,196,158,354,44.6,97,23.6,28,12,39,9.5,mature,2026-04-19,fjc_query+rollup
WV,2017,2,386,197,144,341,42.2,101,26.2,37,16,34,8.8,mature,2026-04-19,fjc_query+rollup
WV,2018,2,387,195,134,329,40.7,98,25.3,35,15,32,8.3,mature,2026-04-19,fjc_query+rollup
WV,2019,2,387,162,183,345,53.0,118,30.5,36,15,54,14.0,mature,2026-04-19,fjc_query+rollup
WV,2020,2,256,122,94,216,43.5,69,27.0,24,10,23,9.0,partial_covid,2026-04-19,fjc_query+rollup
WV,2021,2,183,38,55,93,59.1,54,29.5,13,6,14,7.7,censored,2026-04-19,fjc_query+rollup
WV,2022,2,227,26,75,101,74.3,59,26.0,4,2,22,9.7,censored,2026-04-19,fjc_query+rollup
WV,2023,2,256,9,75,84,89.3,53,20.7,4,2,37,14.5,censored,2026-04-19,fjc_query+rollup
WV,2024,2,301,0,54,54,100.0,65,21.6,0,0,28,9.3,censored,2026-04-19,fjc_query+rollup
WY,2008,1,120,41,64,105,61.0,37,30.8,9,4,5,4.2,mature,2026-04-19,fjc_query+rollup
WY,2009,1,156,68,74,142,52.1,48,30.8,19,8,5,3.2,mature,2026-04-19,fjc_query+rollup
WY,2010,1,221,118,94,212,44.3,57,25.8,30,13,12,5.4,mature,2026-04-19,fjc_query+rollup
WY,2011,1,250,112,123,235,52.3,66,26.4,21,9,15,6.0,mature,2026-04-19,fjc_query+rollup
WY,2012,1,197,87,97,184,52.7,50,25.4,15,6,14,7.1,mature,2026-04-19,fjc_query+rollup
WY,2013,1,141,61,71,132,53.8,39,27.7,15,6,17,12.1,mature,2026-04-19,fjc_query+rollup
WY,2014,1,116,46,63,109,57.8,29,25.0,8,3,12,10.3,mature,2026-04-19,fjc_query+rollup
WY,2015,1,94,34,54,88,61.4,30,31.9,7,3,13,13.8,mature,2026-04-19,fjc_query+rollup
WY,2016,1,102,35,63,98,64.3,31,30.4,9,4,23,22.5,mature,2026-04-19,fjc_query+rollup
WY,2017,1,98,34,55,89,61.8,32,32.7,8,3,10,10.2,mature,2026-04-19,fjc_query+rollup
WY,2018,1,113,52,54,106,50.9,25,22.1,7,3,18,15.9,mature,2026-04-19,fjc_query+rollup
WY,2019,1,101,36,55,91,60.4,26,25.7,6,3,13,12.9,mature,2026-04-19,fjc_query+rollup
WY,2020,1,55,25,29,54,53.7,19,34.5,6,3,10,18.2,partial_covid,2026-04-19,fjc_query+rollup
WY,2021,1,38,7,18,25,72.0,12,31.6,2,1,0,0.0,censored,2026-04-19,fjc_query+rollup
WY,2022,1,46,7,26,33,78.8,11,23.9,3,1,9,19.6,censored,2026-04-19,fjc_query+rollup
WY,2023,1,51,3,32,35,91.4,20,39.2,1,0,14,27.5,censored,2026-04-19,fjc_query+rollup
WY,2024,1,64,0,32,32,100.0,20,31.2,0,0,14,21.9,censored,2026-04-19,fjc_query+rollup
